,stemmed_tokens
0,"['forza', 'horizon', '5', 'om', 'install']"
1,"['gan', 'pc', 'only', 'dalem']"
2,"['gan', 'maenin', 'game', 'iya', 'fc', '24', 'call', 'of', 'duty', 'modern', 'warfare2']"
3,"['gan', 'pb', 'gta', '5']"
4,"['installin', 'ets2', 'gta', 'roleplay', 'sisa', 'kosong']"
5,"['bang', 'beli', 'gamenya', 'ilangin', 'ajar', 'download', 'bang']"
6,"['tambah', 'hdd', '1', 'tera']"
7,"['gan', 'komponen', 'pc', 'orisinal']"
8,"['gan', 'windows', '10', 'pro', 'original']"
9,"['monitor', 'req', 'hp24c', 'gan']"
10,"['gta', 'roplay', 'kuat', 'gan']"
11,"['req', 'game']"
12,"['gan', 'toko', 'asli', 'mana']"
13,"['assalamualaikum', 'kak', 'maaf', 'kak', 'beli', 'bayar', 'cicil', 'seumpma', 'cicil', 'ambil', '12', 'buln', 'seumpm', 'uang', 'lunasin', 'biar', 'sethun']"
14,"['tegang', 'rumah', 'cuman', '450', 'kuat']"
15,"['i7', '860', 'bagus', '', 'beli', 'cuman', 'ragu', 'gen']"
16,"['gan', 'proxessornya', 'gen', 'gen', '8', 'kah']"
17,"['sore', 'gan', 'pc', 'terima', 'kasih']"
18,"['game', 'forza', 'horizon']"
19,"['monitor', 'ganti', 'curve']"
20,"['gan', 'ganti', 'gtx', '1650', 'tambah']"
21,"['gan', 'nanya', 'windows', 'orisinal', '', 'trial', 'request', 'game']"
22,"['gan', 'processor', 'ganti', 'ryzen', '5', '3400g', 'tambah']"
23,"['monitor', 'gan']"
24,"['kirim', 'tangsel', 'request', 'game', 'maks']"
25,"['adobe', 'premier', 'pro', 'after', 'effect', 'lancar', 'gan']"
26,"['pagi', 'nanya', 'gan', '1', 'barang', 'ken', '2', 'osnya', 'orisinal', 'office', 'dll', 'orisinal', 'baja', 'kudu', 'panjang', 'tahun', '3', 'kirim', 'jakarta', 'makasiih']"
27,"['gan', 'watnya', 'iya', 'listrik', '1300']"
28,"['gan', 'makan', 'gta', 'roleplay']"
29,"['cpu', 'gen']"
30,"['bos', 'game', 'request', 'maksimal', 'game']"
31,"['makan', 'csgo', 'valorant']"
32,"['ganti', 'ssd', '240', 'gb', 'ram', '32gb', 'gan']"
33,"['bayar', 'kirim']"
34,"['gan', 'cod']"
35,"['gtx', 'varian', 'deskripsi', 'beda']"
36,"['monitor', 'deskripsi']"
37,"['kuat', 'main', 'fifa', '23', 'gow', 'ragnarok', 'nih', 'min']"
38,"['kak', 'main', 'game', 'gta', '5', 'roleplay', 'kak']"
39,"['bang', 'nanya', 'makan', 'game', 'genshin', 'impact', 'kuat', 'bang', 'ngejoki', 'bang']"
40,"['kak', 'varian', 'vga', '4gb', 'gtx750', 'memori', '16gb', 'kira', 'kuat', 'kak', 'makan', 'gta', 'roleplay']"
41,"['toko', 'harga', 'gan']"
42,"['kak', 'procesor', 'i7', 'generasi', 'berapa']"
43,"['kak', 'instal', 'game', 'sims', '4', 'kak']"
44,"['game', 'new', 'world']"
45,"['core', 'i7', 'gen']"
46,"['bang', 'makan', 'gta', '5', 'online']"
47,"['gan', 'kuat', 'editing', 'minimal', 'speknya', 'core', 'i7', 'pakai', 'master', 'kuat']"
48,"['min', 'makan', 'valoran', 'cod', 'warzone']"
49,"['ready', 'kak', 'spek', 'upgrade', 'processor']"
50,"['om', 'speck', '3d', 'rander', 'berat', 'kah']"
51,"['the', 'elder', 'scroll', 'kuat', 'rata', 'kanan']"
52,['yahh']
53,"['redy', 'bang']"
54,"['slot', 'dvd']"
55,"['gan', '1', 'set', 'cpu', 'keyboard', 'mouse', 'monitor', 'gambar']"
56,"['live', 'streaming']"
57,"['ready', 'gan']"
58,"['nego', 'bang']"
59,"['geming', 'ff', 'pubg']"
60,"['barang', 'ready']"
61,"['han', 'window', 'orisinal', 'lifetime', 'window', 'crack']"
62,"['req', 'game']"
63,"['gan', 'i7', 'gen']"
64,"['generasi', '1', 'core', 'i7', 'kak']"
65,"['pakai', 'live', 'ome', 'tv', 'lancar', 'bang']"
66,"['install', 'genshin']"
67,"['gan', 'bebas', 'ongkirx', 'papua', 'lwat', 'jalur', 'udara']"
68,"['ganti', 'gtx', '1050', 'ti', 'gan']"
69,['barang']
70,"['gan', 'ready', 'sesuai', 'deskripsi', 'gan']"
71,"['cpunya', 'ngab']"
72,"['instal', 'game', 'naruto', 'strom', '4', 'abang']"
73,"['ganti', 'mobo', 'procesor', 'baru', 'kah', 'gan', 'gen', '11']"
74,"['makan', 'jurassic', 'world', 'evolution', '2']"
75,"['kak', 'gambar', 'tiga', 'jual', 'ready']"
76,"['kak', 'gambar', 'tiga', 'jual', 'benar']"
77,"['i7', 'gen']"
78,"['gan', 'vga', 'ganti', 'gtx', '1050ti', 'gan']"
79,"['makan', 'gta', '5', 'roleplay', 'valorant', 'gan']"
80,"['install', 'optitex', '17', 'om']"
81,"['gan', 'vga', 'ganti', 'gtx', '750', 'ti', '2gb', 'ddr5 second']"
82,"['gan', 'ganti', 'monitor', 'ssd', '512', 'gan']"
83,"['game', 'instal']"
84,"['editing', 'video', 'gan', 'rekomendasi', 'pc', 'editing', 'video', 'toko']"
85,"['include', 'speaker', 'bos']"
86,['halloooo']
87,"['ganti', 'core', 'i3', '10140', 'gan', 'harga']"
88,"['vga', 'double', 'vga', 'ready']"
89,['gan']
90,"['pakai', 'paylater', 'bri', 'ceria', 'kak', 'bayar']"
91,"['gan', 'cicil klo', 'cicil', 'minimal', 'bayar', 'bulan', 'hhe']"
92,"['makan', 'genshin', 'impact', 'rata', 'kanan', 'bang']"
93,"['full', 'set', 'tinggal', 'pakai']"
94,"['live', 'stream', 'pubgm', 'ml']"
95,['ongkir']
96,"['assalmmualaikum kak', 'full', 'set']"
97,"['vga', '4', 'gb']"
98,"['gan', 'gamenya', 'pilih']"
99,"['genshin', 'impact']"
100,"['apex', 'legends', 'gan']"
101,"['i7', 'ganti', 'baru', 'gan', '', 'ganti', 'vga', 'gtx', '1050', '4gb']"
102,"['makan', 'genshin', 'impact', 'live', 'streaming']"
103,"['game', 'last', 'of', 'us']"
104,"['design', 'editing', 'rendering']"
105,"['tuh', 'set']"
106,"['fps', 'gan', 'gta', '5']"
107,"['kuat', 'makan', 'rdr2']"
108,"['admin', 'fps', 'rata', 'dota2', 'fps', 'csgo', 'settingan', 'max', '']"
109,"['processor', 'upgrade', 'gen', 'gan']"
110,"['bang', 'kirim', 'pekanbaru', '-', 'riau', 'aman', 'ongkirnya', 'hanupis']"
111,"['minimal', 'r5', '3400g']"
112,"['vga', 'pakai', 'bang']"
113,"['makan', 'valorant']"
114,"['prosesor', 'dinganti', 'i7gen']"
115,"['kak', 'gambar', 'webtoon', '']"
116,"['pc', 'upgrade', 'gan']"
117,"['listrik', 'watt', 'gan']"
118,"['embel', 'pc', 'gaming', 'i7', 'generasi', 'wkwkwkkw mau', 'dikadalin', 'seller']"
119,"['makan', 'genshin', 'impact', 'gan']"
120,"['gan', 'gta', '5', 'roleplay', 'kuat', 'grafik']"
121,"['ready', 'gan']"
122,"['gan', 'ane', 'rencana', 'pakai', 'rtx', '3070', 'vga', 'upgrade']"
123,"['kuat', 'makan', 'genshin', 'impact', 'gan']"
124,"['gan', 'ganti', 'i5', '9400', '', 'vga', '16504gb', 'total', 'kira']"
125,"['maksimal', 'ghz']"
126,['mantabs']
127,"['spek', 'barang', 'lawas', 'kondisi', 'kategori', 'hmm', '']"
128,"['gan', 'processor', 'gen', 'kah', '-vga', 'ganti', '4gb', 'tambah', 'kah', 'gan', '-utk', 'memory', 'upgrade', 'kah', 'gan', 'terima', 'kasih']"
129,"['play', 'dbd', 'war', 'of', 'warcraft', 'lancar', 'gan']"
130,"['hz', 'monitor', 'bang']"
131,"['barang nya', 'generasi', 'bang']"
132,"['kredit', 'gan']"
133,"['vga', 'ganti', '4gb', 'berapaa']"
134,"['bang', 'hasil', 'score', 'benchmark']"
135,"['slot', 'm2', 'gan']"
136,"['token', '1', 'juta', 'bang', 'makan', 'game', 'pc', 'hemat', 'listrik']"
137,"['gan ke', 'jawatimur', 'fungsi', 'error', 'kirim', 'sesuai', 'deskripsi', 'order', 'maju', 'mundur', 'nih', '']"
138,"['ssd', 'ganti', '1', 'tb', 'gan']"
139,"['genshin', 'impact', 'valorant', 'lancar']"
140,"['barang', 'ready', 'request', 'game', 'gan']"
141,"['cyberpunk', 'asasin', 'valhala', 'lancar', 'gan']"
142,"['casenya', 'pasang', 'infenion', '1000']"
143,"['game', 'sims', '4']"
144,"['game', 'fortnite']"
145,"['nanya', 'windowsnya', 'ku', 'connect', 'internet', 'kedetect', 'palsu', 'trauma']"
146,"['vga', 'ganti', '1050ti', 'tambah', 'kak']"
147,"['intel', 'core', 'i7', '6jt', 'bang']"
148,"['i7', '870', '8700', 'gan']"
149,"['install', 'game', 'gan']"
150,"['i7', 'generasi']"
151,"['ready', 'bos', 'upgrade', 'vga', '4gb', '1060', 'ti', 'tambah', 'hdd', '1', 'tb', 'tks', 'b4']"
152,"['kalao', 'hardsik', '1tb']"
153,"['ready', 'bos']"
154,"['makan', 'five', 'kuat', 'gan']"
155,"['fortnite', 'fps', 'kakak']"
156,"['generasi', '8', 'prosesor']"
157,"['kirim', 'kota', 'paking', 'kayu', 'gan', 'sulawesi']"
158,"['pc', 'anti', 'virus', 'makan', 'game', 'wajib', 'matiin', 'antivirus']"
159,"['game', 'bantu', 'install']"
160,"['core', 'i7', 'gen', '2', 'wkwwkkwwkkwkwkw']"
161,"['ssd', 'brphdd', 'brpram', 'brpvga', 'display', 'memori', 'gb']"
162,"['minecraft', 'rata', 'kiri', 'sampean', 'coba2', 'makan', 'tlauncher', 'kak', 'tinggi', 'otw', 'buy']"
163,"['makan', 'watt', 'min']"
164,"['ram', '16']"
165,"['fifa24', 'eftbl24', 'gan']"
166,"['nfs', 'heat', '', 'valo', '', 'apex', 'fps']"
167,"['install', 'visio', 'professional', 'projects']"
168,"['sekian', 'game', 'tawar', 'nama', 'game', 'free', 'lisensi', 'permanen', 'bukan', 'crack', 'game', 'diinstal']"
169,"['gta', 'roleplay', 'fps']"
170,"['mas', 'gaming', 'streaming', 'editing', 'tipis', 'rekomen']"
171,"['makan', 'fivem', 'lancar', 'min']"
172,"['nge', 'fivem', 'lancar', 'kah', 'min']"
173,"['game', 'albion', 'dragon', 'nest', 'return', 'ting', 'gan']"
174,"['tambah', 'ssd', '512gb', 'free', 'game', 'gan']"
175,"['makan', 'game', 'roblox', 'berat', 'full', 'graphics', 'fps']"
176,"['pakai', 'mouse', 'keyboard', 'varian', 'monitor', 'curved']"
177,"['beli', 'pc', 'upgrade', 'vga', 'card', 'sedia', 'tambah', 'terima', 'kasih']"
178,"['kirim', 'bekas', 'barat', 'pakai', 'packing', 'kayu']"
179,"['ram', '8', '16gb']"
180,"['', '', '', '']"
181,"['min', 'monitor', 'fhd', 'hd']"
182,"['min', 'foto', 'gt730', 'deskripsi', 'gt1030']"
183,"['gan', 'ram', 'ganti', 'ddr4', 'ssd', '1tera', 'tambah', 'gan']"
184,"['makan', 'game', 'watt']"
185,"['kak', 'bayar', 'pakai', 'cicil', 'barang', 'kirim', 'tunggu', 'cicilanya', 'lunas']"
186,"['1030', 'serius', 'gan', 'game', 'berat']"
187,"['gan', 'game', 'aaa', 'speknya', 'bawah', 'minimum', 'steam']"
188,"['makan', 'gta', '5', 'fps', 'gan', '16', 'gb']"
189,"['makan', 'req', 'game', 'cod', 'vanguard']"
190,"['gan', 'kuat', 'butuh', 'desain', 'clip', 'studio', 'paint', 'photoshop', 'dll']"
191,"['makan', 'fifa23']"
192,"['butuh', 'stream', 'game', 'kelas', 'minecraft', 'roblox', 'dll', 'ngoding', 'design', 'edit', 'kuat', 'iya']"
193,"['kuat', 'desain', 'grafis', 'video', 'editing', 'kak']"
194,"['1030', 'kuat', 'makan', 'cod', 'warzone', 'kak']"
195,"['min', 'makan', 'apex', 'legend', 'fps', 'grafik']"
196,"['ready', 'pc', 'ssd', 'hdd']"
197,"['upgradeble', 'min']"
198,"['gan', 'makan', 'dota', '2', 'rata', 'kanan', 'kuat']"
199,"['nany', 'nih', 'gan', 'makan', 'game', 'red', 'dead', 'redemtion2', 'lancar', 'game', 'online', 'pointblank', 'lancar', 'jug', 'kah', 'nanya', 'min', 'soalny', 'tau', 'pc', 'hehe']"
200,"['makan', 'game', 'valhala', 'mas']"
201,"['makan', 'forza', 'horizon', '5', 'kuat', 'gan', 'maksimal', 'grafik']"
202,"['stream', 'ml', 'kuat']"
203,"['ups', '', 'harga']"
204,"['lancar', 'makan', 'nfs', 'heat', 'min']"
205,"['cek', 'inboxnow']"
206,"['valorant', 'genshin', 'fps', 'ini', 'blender', '3d']"
207,"['ram', 'maksimal', 'gb']"
208,"['min', 'live', 'streaming', 'game', 'emulator', 'pas', '1', 'ps2']"
209,"['gan', 'pc', 'fullset', 'beda']"
210,"['fifa', 'dua', 'lancar', 'kah', 'fps']"
211,"['stok', 'ready', 'gan', '16', 'gb', '1030']"
212,"['1030', 'kuat', 'makan', 'apex']"
213,"['dalam', 'fullset', 'kabel', 'kah', 'bang']"
214,"['makan', 'csgo', 'gan', 'fps']"
215,"['game', 'offline']"
216,"['1030', '16', 'gb', 'kuat', 'makan', 'resident', 'evil', '2', 'remake', 'min']"
217,"['simpan', 'internal']"
218,"['makan', 'gta', 'roleplay', 'kuat']"
219,"['hdd', 'ganti', '1t', 'min']"
220,"['gtx', '1650', 'tambah', 'gan']"
221,"['pes', '2021', 'game', 'berat']"
222,"['min', 'makan', 'watch', 'dogs', 'legion']"
223,"['min', 'maksimal', 'request', 'game berapa', 'game']"
224,"['min', 'tinggal', 'pakai', 'aja', 'musti', 'instal', 'windows']"
225,"['gan', 'pc', 'kuat', 'game', 'fifa21', '', 'record']"
226,['streaming']
227,"['makan', 'valorant', 'fortnite', 'fps']"
228,"['gt1030', 'makan', 'rdr2', 'horizon', 'zero', 'fps', 'min']"
229,"['16', 'gb', '1030', 'dota', '2', 'lancar', 'kak', 'fps']"
230,"['pc', 'kuat', 'main', 'gensin', 'impact', '', 'iya', 'fps']"
231,"['kak', 'processor', 'ganti', 'i7', 'gen', '8', 'gen', '10', 'tambah', 'toko', 'offline']"
232,"['req', 'game', 'gta', 'steam', 'bayar', 'bang']"
233,"['god', 'of', 'war', '2018', 'fps']"
234,"['slot', 'hdmi-', 'gan']"
235,"['makan', 'forza', '5', 'fps', 'gan']"
236,"['gan', 'support', 'hdmi']"
237,['cassingnya']
238,"['casing', 'min']"
239,"['makan', 'cyber', 'punk', 'bro', 'fps', 'bang']"
240,"['makan', 'gta', '5', '1', 'jam', 'wat', 'kak']"
241,"['gan', 'fullset', '16gb', 'vga', '1030', 'anda', 'depan', 'ganti', '1650', 'gan', 'psu', 'sanggup']"
242,"['i7', 'gen', 'bang']"
243,"['bang', 'makan', 'gta5', 'pfs']"
244,"['windows', '11', 'gan']"
245,"['min', 'paket', 'ini', 'butuh', 'daya', 'min', 'listrik', 'rumah', '450watt', '', 'maaf', 'min', 'tau', 'd']"
246,"['beli', 'set', 'monitor']"
247,"['maaf', 'fullset', 'monitor', 'merk']"
248,"['gan', 'tanya', 'streaming', 'valorant', 'youtube', 'twitch', 'agan']"
249,"['kirim', 'jaksel', 'pakai', 'gojek', 'aman', 'gan']"
250,"['pc', 'rakit', 'rakitin', 'sana', 'fullset', 'pcnya']"
251,"['makan', 'gta', 'online', 'kuat']"
252,"['pc', 'fullset', '16gb', 'monitor']"
253,"['pes', '2021']"
254,"['cod', 'min']"
255,"['ssd', 'req', '520', 'gb']"
256,"['ram', '8gb', 'kuat', 'makan', 'gta', 'kak']"
257,"['genshin', 'medium', '60fps', 'stabil', 'kah', 'gan']"
258,"['valorant', 'fps']"
259,"['halo', 'makan', 'minecraft']"
260,"['photoshop', 'corel', 'draw', 'lancar']"
261,"['live', 'streaming', 'game', 'kuat', 'bos']"
262,"['digunain', 'nox', 'player', 'lancar', 'gan']"
263,"['readry', 'gan', 'pc', 'gaming', 'ram', '16', 'gb']"
264,"['pasang', 'hdd', '1t', 'tidak', 'pakai', 'ssd hybrid']"
265,"['makan', 'point', 'blank', 'grafik', 'high', 'kak']"
266,"['harga', 'pcnya', 'kak', '18', 'juta', '4', 'juta', 'pc', 'makan', 'ffgak', 'grafik', 'tinggi']"
267,"['pakai', 'main', 'game', 'berat']"
268,"['gan', 'produk', 'pc', 'gaming', 'banyak', 'intel', 'pc', 'gaming', 'pakai', 'amd', 'gan']"
269,"['beda', 'pc', 'fullset', '16gb', 'fullset', '16gb', '22in']"
270,"['game', 'city', 'skylines', 'grafik', 'tinggi', 'lancar']"
271,"['bang', 'makan', 'cyberpunk']"
272,"['game', 'vr', 'bang']"
273,"['ta', 'ta']"
274,"['gamenya', 'gratis', 'bayar', 'bang']"
275,"['barang', 'min']"
276,"['kak', 'game', 'pilih', 'pcnya']"
277,"['makan', 'dota', '2', 'lancar', 'grafik', 'tinggi']"
278,"['makan', 'gta', 'online']"
279,"['grab', 'bekas', 'kak', 'kabel', 'vga']"
280,"['fullset', '16', '24', 'rp7200000']"
281,"['alamat', 'toko', 'mana', 'gan', 'ngerakit']"
282,"['16gb24in', 'makan', 'valo', 'ghensin', 'ricord', 'min']"
283,"['wifii', 'kan', 'gan', 'mesti', 'upgrade']"
284,"['min', 'internal', '2tb', 'game', 'isi', 'wifilink', 'plus', 'bluetooth']"
285,"['misi', 'packingan', 'cuz', 'layar', 'pc', 'sensitif']"
286,"['record', 'mlbb', 'pubg', 'kuat', 'kah', 'gan']"
287,"['toko', 'app', 'sho']"
288,"['livestream', 'bang']"
289,"['bang', 'live', 'streaming', 'efootball', '2022']"
290,"['ghensin', 'impact', 'valorant', 'full', 'size', 'kakak']"
291,"['kuat', 'pakai', 'edit', 'kak']"
292,"['game', 'kak', 'ngedit', 'kuat']"
293,"['kak', 'beli', 'pc', 'fullset', '16gb', 'monitor keyboard', 'komputer', 'lengkap']"
294,"['min', 'makan', 'game', 'roblox', 'grafik', 'rata', 'kanan', 'no', 'livestream', 'kuat', 'min']"
295,"['kak', 'nanya', 'transfer bayar', 'pakai', 'bank', 'bri', 'kak']"
296,"['ready', 'toko', 'mana']"
297,"['kak', 'nanya', 'makan', 'roblox', 'rata', 'kanan', 'record', 'lancar', 'aplikasi', 'editing', 'bayar', 'adobe', 'installnya', 'crack', 'asli']"
298,"['makan', 'genshin', 'impact', 'high', '60fps']"
299,"['makan', 'valorant', 'fps', 'om']"
300,"['produk', 'garansi', 'jamin', 'crash', 'iya', 'motherboard', 'perangkat', 'lain', 'sound', 'card', 'vga', 'dll']"
301,"['the', 'elder', 'scroll', 'high', 'kuat', 'gan']"
302,"['game', 'pes', '2021', 'settingan']"
303,"['stream', 'game', 'berat', 'kuat', 'gan']"
304,"['makan', 'minecraft', 'kuat', 'bang']"
305,"['moga', 'beli', 'barang', 'nabung', 'wkwkkwk']"
306,"['request', 'game', 'minecraft']"
307,"['the', 'sims', '4', 'lancar']"
308,"['cod', 'min']"
309,"['diupgrade', 'ssd', '256', 'hdd', '1tb']"
310,"['makan', 'pb', 'record', 'lancar']"
311,"['makan', 'fortnite', 'apex', 'legend', 'record', 'kuat', 'gan']"
312,"['record', 'game', '', 'live', 'streaming', 'game', 'pc']"
313,"['beda', 'pc', '16gb', 'akesories', '16gb', 'fullset', '16gb24in', 'mana', 'gan', 'aksesoris']"
314,"['gen', 'min']"
315,"['pakai', 'monitor', '24', 'inc', 'kak']"
316,"['dota2', 'kuat', 'kak']"
317,"['live', 'streaming', 'game']"
318,"['valorant', 'ting', 'medium', 'gta', '5', 'ting', 'medium']"
319,"['bikin', 'windows', '7']"
320,"['live', 'stream', 'kuat', 'kak']"
321,"['perlu', 'editing', 'video', 'premiere', 'after', 'effect', 'min']"
322,['vga']
323,"['gan', '', 'apex', 'order', 'instal', 'gamenya']"
324,"['makan', 'fortnite', 'fps']"
325,"['barang', 'jual', 'toko', 'rusak', 'diclaim', 'tuduh', 'barang', 'dijauhin', 'beli', 'payah', 'kecewa', 'berat', 'kapok', 'beli', 'toko']"
326,"['min', 'makan', 'gta', 'roleplay']"
327,"['min', 'makan', 'valorant', 'ting', 'rata', 'kanan', 'fps', 'min']"
328,"['makan', 'genshin', 'impact', 'settingan', 'medium', 'fps', 'gan', 'stabil', 'kah']"
329,"['makan', 'monster', 'hunter', 'world', 'fps', 'dapat']"
330,"['genshin', 'impact', 'fps', 'min']"
331,"['i7', 'gen', '1']"
332,"['harga', 'kah', 'min', 'ram', '8', '16']"
333,"['monitor', '24', 'tambah', 'gan']"
334,"['pc', 'gaming', '', 'monitor', 'full', 'set', '8', 'gb', 'ready']"
335,"['motogp', '2021', 'gan']"
336,"['kak', 'full', 'set', 'kak', 'kayak', '1', 'monitor', '2', 'cpu', '3keyboard', '4mouse', '5mouse', 'pad']"
337,"['ngerendering', 'cepat', 'gan', 'rakit', 'lokasi']"
338,"['compatible', 'fs2020', 'gan']"
339,"['min', 'ets2']"
340,"['gan', 'pc', 'aksesorisx', 'gan']"
341,"['min', 'gaming', 'dota', '2']"
342,"['min', 'bikin', 'pc', 'monitor']"
343,"['min', 'paket', 'pc monitor']"
344,"['kalok', 'beli', 'peking', 'kayu', 'min']"
345,"['kak', 'makan', 'game', 'fifa', '2024', '', 'football', 'life', '2023', 'speknya', 'iya', 'terima', 'kasih']"
346,"['ready', 'kak', 'kirim']"
347,"['buka', 'blender', 'min', 'valo', 'fps']"
348,"['pubg', 'kuat']"
349,"['kak', 'power', 'supply', 'bawa', 'garansi', 'kak']"
350,"['hhd', '500gb', 'diupgrade ganti', '1tb']"
351,"['gta', 'online', 'kuat']"
352,"['kak', 'pc', 'rakit', 'kak']"
353,"['min', 'editing', 'video', 'design', 'grafis', 'lancar']"
354,"['games', 'lifeafter', 'rekomendnya', 'type']"
355,"['min', 'vga', 'hd', 'makan', 'valorant']"
356,"['v16', '', 'gt1030', 'fps', 'kak', 'makan', 'valorant', '', 'gta']"
357,"['kak', 'support', 'hotspot', 'hp']"
358,"['kak', 'v0', 'vesta', '8giga', 'grapic', 'intel', 'hd', 'onboard', 'desain', 'grafis']"
359,"['vga', 'support', 'monitor']"
360,"['free', 'game']"
361,"['geforce', '370', 'diupgrade']"
362,"['ssd ram hdd', 'custom ganit', 'harga', 'tambah', 'beda']"
363,"['vs', 'vesta', '8', 'otu', 'mobo', 'size', 'gan']"
364,"['game', 'roh', 'ethernal', 'vengeance', 'ambil', 'varian', '16', 'gb', 'lot', 'kak']"
365,"['kak', 'vs', 'vesta', '8gb', 'aman', 'game', 'anak', 'anak', 'pubg', 'ml', 'freefire']"
366,"['kak', 'makan', 'valo', 'medium', 'standar', 'fps']"
367,"['install', 'game', '3']"
368,['hi']
369,"['kak', 'makan', 'csgo', 'valorant', 'ambil', 'variant']"
370,"['masutk', 'genshin', 'impact', 'pc', 'keren']"
371,"['cs-go', 'online', 'dota', '2', 'support', 'nih', 'jamin', 'patah', 'patah']"
372,"['kakak', 'ajak', 'berat', 'editing', 'lai', 'kira', 'pc', 'cocok', 'kakak']"
373,"['bang', 'instalin', 'game', 'pakai', 'programming']"
374,"['makan', 'cities', 'skylines', 'bagus']"
375,"['kak untuk', 'gaming', 'office', 'ganggu', 'lag']"
376,"['windows-', 'versi', '64bit']"
377,"['mas', 'beli', 'upgrade', 'ssd', '512', 'hdd', '1tb', '', 'pasang', 'mas', 'kirim', 'pakai', 'terima', 'kasih', 'mas']"
378,"['kirim', 'semrang', 'rekomen', 'packing', 'pakai', 'kayu', 'kak']"
379,"['pasang', '2', 'monitor', 'kak']"
380,"['i7', 'gen', 'iya']"
381,"['pesan', 'nama', 'tantia', 'kurniawati', 'kirim', 'urgent', 'thanks']"
382,"['min', 'pakai', 'packing', 'kayu', 'ongkir', 'packing', 'kayu', 'pc', 'gabung', '1', 'doang']"
383,"['game', 'aga', 'berat', 'kak']"
384,"['kak', 'v16', 'vesta', '16gb', 'makan', 'genshin', 'medium', '', 'recording', 'fps', 'kak']"
385,"['kak', 'streaming', 'makan', 'valorant', 'apex', 'kuat', 'kak']"
386,"['beda', 'pc', 'fullset', '19', 'pc', 'fullset', '24']"
387,"['tambun-bekasi', 'pakai', 'bubble', 'wrap', 'kah']"
388,"['vs', 'vesta', '8', 'fullset', 'ready', 'gan']"
389,"['kirim', 'jawa', 'timur', 'pakai', 'packing', 'kayu', 'kah']"
390,"['maaf', 'bantu', 'jual', 'pc', '']"
391,"['vga', 'hd', 'beda']"
392,"['makan', 'minecraft', 'java', 'edition editing', 'kuat', 'gan']"
393,"['halo', 'gan', 'etalase', 'harga', 'full', 'set']"
394,"['', 'spek', 'v16', 'vesta', '16', 'ready', 'gan']"
395,"['min', 'kirim', 'sulut', 'tambah', 'packing', 'kayu', 'kah', 'packing', 'kayu', 'berapa']"
396,"['makan', 'gta']"
397,"['kak', 'v0', 'vesta', 'vga', 'hd', 'makan', 'gensin']"
398,"['kak', 'jakarta', 'timur', 'pakai', 'packing', 'kayu', 'aman']"
399,"['sakalian', 'instal', 'game']"
400,"['main', 'rdr', '2', 'kuat', 'kah', 'kak']"
401,"['monitor', 'kah']"
402,"['kak', 'makan', 'game', 'ets2']"
403,"['gan', 'opsi', 'spek', 'vesta', '8gb', 'vganya', 'ganti', 'vga', 'gt1030']"
404,"['halo mau', 'monitor', 'iya']"
405,"['min', 'cover', 'pcnya', 'kayak', 'pc', 'kantor', 'warna2i', 'kayak', 'foto']"
406,"['kirim', 'timor', '-', 'leste', 'aplikasi', 'editng', 'sofware', 'terimah', 'kasih']"
407,"['kak', 'pc', 'fullsetnya', 'wifinya']"
408,"['wow', 'classic', 'rata', 'kanan', 'min', 'kirim', 'papua']"
409,"['makan', 'genshin', 'impact', 'medium', '60fps', 'kuat']"
410,"['kirim', 'wilayah', 'jawa', 'tambah', 'packing', 'kayu']"
411,"['full', 'set', 'monitor', 'support', '4k', 'kak']"
412,"['pc', 'nih', 'kuat', 'main', 'game', 'iya', 'gan']"
413,[]
414,"['on', 'keyboard', 'mouse', 'jual', 'pisah', 'paket', 'pc', 'om']"
415,"['kak', 'install', 'games', 'pes', 'gta', 'dll']"
416,"['min', 'lampu', 'disync', 'pakai', 'app', 'mobonya']"
417,"['rtx', '3050', '6gb', 'merk']"
418,"['sorry', 'tanya', 'part', 'build', 'garansi', 'resmi']"
419,"['genshin', 'kak']"
420,"['makan', 'watt', 'abang', 'pcnya', 'pakai', 'rtx', '3050', '8gb']"
421,"['storagenya', 'gb', 'bro']"
422,"['kak', 'varian', 'dah', 'n30', 'white', 'casing', 'spek', 'kayak', 'deskripsi']"
423,"['kak', 'makan', 'game', 'valorant', 'fps', 'stabil']"
424,"['ssd', 'up', '512gb', 'mobo', 'ganti', 'b660m', 'gan']"
425,"['gan', 'ssd', 'up', '512', 'tambah']"
426,"['gamenya', 'pilih', 'dilist', 'pilih']"
427,"['lancar', 'lumion', '11', 'gan']"
428,"['vga', 'gan']"
429,"['varian', 'rtx', '3060', '12', 'gb', 'cooler', 'ganti', 'jonsbo', '1400', 'total']"
430,"['gin', 'rp13150000', 'pakai', '3060', 'ti']"
431,"['vga', 'ganti', 'rtx', '3060', 'ti', 'gan']"
432,"['stok', 'monitor', 'keyboard', 'mouse', 'gan']"
433,"['vga', 'ganti', '3070', 'gan', 'merk', 'vga']"
434,"['toko', 'fisik', 'rakitin']"
435,"['maaf', 'gan', 'iyeu', 'compatible', 'win11']"
436,"['min', 'spesifikasi', 'stabil', 'listrik', 'daya', '900', 'watt']"
437,"['muraaah', 'anjir', 'keren']"
438,"['merek', 'vga', 'rtx', '3060', 'pakai', 'merk', 'mas', 'all', 'komponen', 'kah']"
439,"['gan', 'review', 'benchmark', 'kah']"
440,"['power', 'supply', 'watt', 'gan']"
441,"['ganklw', 'vga']"
442,"['ssd', 'ganti', '1tb']"
443,"['ram-', 'upgrade', 'kah', 'gan']"
444,"['min', 'ganti', 'corenya', 'i9']"
445,"['gan', 'konoonen', 'ganti', '1', 'hdd', 'ganti', '500', 'ssd', '2', 'vga', 'rtx', '3050', '8gb', 'ddr', '6', 'berabapa', 'total']"
446,"['ganti', 'ssd', '512', 'tambah']"
447,['core']
448,"['ganti', 'core', 'i7', '12700', 'tambah', 'gan']"
449,"['ganti', 'ssd', 'sandisk', '512', 'hdd', '2tb', 'fan', 'warna', 'putih']"
450,"['ganti', 'mobonya', 'b660', 'gan']"
451,"['beda', 'varian', '512', '512', 'promo']"
452,"['kak', 'game', 'football', 'iya', 'fc']"
453,"['kak', 'tas', 'kah']"
454,"['ka', 'mending', 'beli', 'storage', '256', 'beli', 'storage', '64', 'upgrade', 'ssd', '1tb', 'beli', '64', 'pakai', 'mmc', '1tb']"
455,"['maaf', 'kuat', 'game', 'kelas', 'new', 'world lost', 'ark', 'sih', 'bang']"
456,"['mari', 'mari', 'pasuk', 'versi', 'oled', 'announcement']"
457,"['main', 'game', 'connect', 'layar', 'proyektor tv']"
458,"['kirim', 'kota', 'pulau', 'selamat']"
459,"['kak', '256', 'gb', 'ready']"
460,"['varian', '512', 'gb', 'anti-glare', 'layar']"
461,"['storage', 'tambah', 'ssd', 'nvme', 'microsd']"
462,"['varian', '64gb', 'stok', 'gan']"
463,"['kak', 'instalin', 'windows']"
464,['reaxy']
465,"['kak', 'beda', 'steam', 'deck', '64', '256', 'kak', '64gb', 'emmc', '256', 'nvme', 'mksdnya', 'kak', 'bingung', 'ambe', 'tq']"
466,['tuker']
467,"['garansi', 'valve', 'rusa', '', 'claim', 'garansi', 'bantu']"
468,"['min', 'tanya', 'garansi', '7', 'srvice', 'ganti']"
469,"['min', 'game', 'beli', 'disteam', '', 'didownload', 'diplatstore']"
470,"['cpu', 'fannya', 'delta', 'pakai', 'huaying', 'cek', 'kah']"
471,"['makan', 'gta', '5', 'roleplay']"
472,"['pakai', 'micro', 'sd', 'ssd']"
473,"['variant', '64gb', 'benar', 'carrying', 'case', 'kah', '256 512']"
474,"['garansi', 'toko', '7', 'barang', 'cacat', 'tukar', 'vidio', 'unboxing']"
475,"['512', 'sesuai', 'official', 'gan', 'anti-glare', 'screen', 'unique', 'carrying', 'case', 'dll']"
476,"['garansi', 'gan']"
477,"['64', 'makan', 'rdr', '2', 'kak']"
478,"['tuker', 'gan']"
479,"['pilih', 'warna']"
480,"['64', 'internal', 'diupgrade']"
481,['resmi']
482,"['kirim', 'jakarta', 'timur', 'nyampe', 'kak']"
483,['resmi']
484,"['512gb', 'ready', 'gan']"
485,"['varian', 'emmc', 'upgrade', 'ssd']"
486,"['official', 'valve', 'min']"
487,"['support', 'sd', 'card', 'gb', 'gan']"
488,"['official', 'valve', 'reseller', 'gan']"
489,"['64gb', 'ready']"
490,"['64gb', 'ready', 'stok']"
491,"['psp', 'gan']"
492,"['makan', 'game', 'pakai', 'wifi', 'mas']"
493,"['varian', '64', 'diupgrade', 'pakai', 'ssd', 'min']"
494,"['ready', 'kirim']"
495,['gosend']
496,"['toko', 'offline', 'kah']"
497,"['pakai', 'ssd', 'mas']"
498,"['kak', 'beli', 'ganti', 'windows', '11']"
499,"['kak', 'beli', '512gb', '-', 'fastest', 'storage', '-', 'premium', 'anti-glare', 'etched', 'glass', '-', 'exclusive', 'carrying', 'case', '-', 'exclusive', 'steam', 'community', 'profile', 'bundle', '-', 'exclusive', 'virtual', 'keyboard', 'theme']"
500,"['game', 'bawa', 'brapa', 'tambah', 'game']"
501,"['perlu', 'klaim', 'garansi', 'steam valve-', 'valve', 'support', 'indonesia']"
502,"['bukti', 'official', 'valve', 'reseller', 'min']"
503,['garansi']
504,"['osnya', 'windows']"
505,"['full', 'white', 'min', '']"
506,"['kasih', 'mouse', 'keyboard']"
507,"['min', 'ram', 'upgrade', '16x2']"
508,"['sdag', 'kabel']"
509,"['makan', 'gtarp', 'bagus', 'banget']"
510,"['intel', 'gen', 'gan']"
511,"['ganti', 'part', 'pc', '', 'upgrade', 'chasis ram storage']"
512,"['gan', 'port', 'hdmi']"
513,"['edit', 'video']"
514,"['pes', '2021', 'terinstal', 'kak']"
515,"['cocok', 'live', 'streaming', 'game', 'kak']"
516,"['kak', 'pc', 'monitor', 'mous', 'kibort']"
517,"['kak', 'kalok', 'makan', 'gta', 'roleplay', 'grafik', 'high', 'fps']"
518,"['gan', 'monitor', 'ganti', 'samsung', 'curve', '27', 'tambah']"
519,"['game', 'god', 'of', 'war', 'series', 'aman', 'kah', 'ragnarok']"
520,"['kak', 'simpan', 'ram']"
521,"['hardisk', 'kak', 'ini', 'pakai', 'hardisk', '1', 'tb']"
522,"['kak', 'makan', 'rdr', 'ngepris']"
523,"['kak', 'makan', 'gema', 'rdr2', 'macet', 'ngepris']"
524,"['genshin', 'settingan', 'kak']"
525,"['vga', 'ganti', 'gtx', 'monitor', 'curve', '32', 'tanpa', 'keyboard mouse', 'speaker']"
526,"['kuat', 'gensin', 'kak', 'ting', 'medium', 'live']"
527,"['dota2', 'kah', 'bang']"
528,"['garansi', '1thn', 'kak']"
529,"['beli', 'fullset', 'monitor', 'keyboard', 'mous', 'kak']"
530,"['permisi', 'kak', 'makan', 'forza', 'kak']"
531,"['prosesorny', 'gen', 'red', 'dead', 'redemption', '2']"
532,"['palembang', 'kakak']"
533,"['gtav', 'offline', 'lengkap', 'monitor', 'key mouse']"
534,"['muat', 'game', 'kak']"
535,"['request', 'game', 'tambah', 'kak']"
536,"['game', 'roblox', 'minicraft', 'among', 'us', 'kak', 'record', 'video']"
537,"['makan', 'pes', '2021']"
538,"['garansi', 'tahun', 'editor', 'video', 'full', 'mas']"
539,"['min', 'makan', 'valorant', 'record', 'obs']"
540,"['makan', 'fifa', 'dua']"
541,"['monitor', 'kakak']"
542,"['ukur', 'pc', 'kakak']"
543,"['6jeti', 'porci', 'i7', 'jaman', 'tahun', 'jebod', 'v']"
544,"['kuat', 'valo', 'fortnite', 'gan']"
545,"['uh', 'is', 'dhis', 'q6', 'fb', 'sir']"
546,"['fps', 'kak']"
547,"['streaming', 'pakai', 'obs', 'kuat', 'makan', 'game', 'berat']"
548,['kak']
549,"['kuat', 'makan', 'genshin', 'kak']"
550,"['kak', 'makan', 'roleplay', 'kuat']"
551,"['live', 'streamingan', 'game', 'pakai', 'obs', 'kuat', 'saran']"
552,"['install', 'pes', 'baru']"
553,"['sisa', 'iya', 'min', 'aku']"
554,"['i7', 'generasi', 'berapa', 'vga', '4', 'gb', 'ram', '16', 'hd', 'ssd', 'gb']"
555,"['kak', 'engak', 'barang', 'tinggal', 'kak']"
556,"['kak', 'beli', 'engak', 'habis']"
557,"['live', 'streaming', 'yt', 'min']"
558,"['ram', 'ddr']"
559,"['simpan', 'kak', 'pcnya', 'oke']"
560,"['fhotonya', 'detail', 'kak']"
561,"['bang', 'jual', 'laku', 'pc']"
562,"['genshin', 'impact', 'kuat', 'gan']"
563,"['windows', '10']"
564,"['vga', 'bit']"
565,"['kak mau', 'nanya', 'include', 'monitor', 'kah']"
566,"['fifa', '21', 'kuat', 'gan']"
567,"['psunya', 'merk', 'gan']"
568,"['editing', 'rendering', 'video', '4k', 'lancar']"
569,"['request', 'pakai', 'casing', 'hose', 'mini', 'cruzzer', 'min', 'tambah']"
570,"['install', 'black', 'desert', 'online', 'tambah', 'gan']"
571,"['makan', 'cyberpunk', '2077', 'kah']"
572,"['kak', 'makan', 'game', 'sekiro', 'alden', 'ring']"
573,"['kirim', 'aceh', 'aman', 'min']"
574,"['gaming', 'center', 'pc', '10', 'tawar', 'harga', 'speknya', 'include', 'gaming', 'asesorisnya', 'ddan', 'monitor', '32']"
575,"['pakai', 'mouse', '', 'keyboard', 'speker']"
576,"['windows', 'gan']"
577,"['aplikasi', 'autocad', 'lumion', 'vray', 'sketchup', 'gan']"
578,"['game', 'roblox', 'gan']"
579,"['request', 'pakai', 'casing', 'lian', 'li', 'tambah']"
580,"['makan', 'hogward', 'legacy', 'lancar']"
581,"['min', 'makan', 'gta', '5', 'roleplay', 'min']"
582,"['tambah', 'ram', '32']"
583,"['kak', 'ram', 'ganti', 'ram', '3200mhz', 'tambah']"
584,"['kak', 'beli', 'pc', 'ny', 'doang', 'nginstal', 'ulang', 'kak']"
585,"['cpu', 'cooler', 'merek', 'min']"
586,"['kak', 'makan', 'squad', 'settingan', 'medium', 'kuat', 'fps']"
587,"['pakai', 'gta', 'roleplay', '', 'screen', 'recoarding', 'lancar', 'gan', 'diupgrade']"
588,"['monitor', '24inc', 'pc', 'full', 'set', 'harga', '6600000', 'merk', 'gan']"
589,"['streaming', 'game', 'ringan', 'kuat', 'gan']"
590,"['kak', 'ssd', 'ganti', '512gb']"
591,"['vga', 'eksternal', 'min']"
592,"['1', 'asus', 'tuf', 'gaming', 'b450m', 'pro', '2', '2', 'amd', 'ryzen', '5', '5600g', '3', 'ssd', 'm2', 'nvme', '512gb', 'rx7', '4', 'ram', '16', 'gb', '8x2', '3600mhz', 'kingston', 'fury', 'beast', 'delta', 'tforce', 'tuf', 'gaming', '5', 'psu', 'be', 'quite', '500w', '80', '6', 'casing', 'cube', 'gaming s']"
593,"['min', 'tambah', 'rx580', '8', 'gb', 'ganti', 'psu', 'engak']"
594,"['makan', 'minecarft']"
595,"['hdd', 'iya', 'min', 'spek', 'monitor', '19', 'dua', '24', '27']"
596,"['toko', 'offline', 'mana', 'kak', 'jakarta', 'utara', 'beli']"
597,"['kak', 'makan', 'roblox', '', 'chit', 'kak']"
598,"['min', 'vga', 'ganti', 'rx', '6700', 'xt', 'custom', 'lainnta']"
599,"['kak', 'makan', 'gta', 'rp', 'kak', 'grafik', 'gta', 'rp', 'high', 'semua', 'fps', 'kak', 'high', 'grafik', 'gta', 'rp']"
600,"['makan', 'pb', 'kak', 'kuat', 'download', 'berspa', 'game']"
601,"['support', 'pb', 'rata', 'kanan', 'kak']"
602,"['ka', 'makan', 'atlantica', 'online']"
603,"['makan', 'ride', '5', 'efootball', 'kak']"
604,"['kak', 'pc', 'makan', 'gta', 'ukur', '20gb', 'kak', 'kira', 'kak']"
605,"['office excel point', 'gan']"
606,"['ets2', 'versi', 'rap', 'kak', '136 140']"
607,"['power', 'supply', 'kak']"
608,"['support', 'valo gta5 genshin', 'min']"
609,"['request', 'ssd', '240', 'gb', 'kak']"
610,"['makan', 'gta', '5', 'kak']"
611,"['permisi', 'kak', 'kuat', 'main', 'outlast2', 'gta', '5', 'terima', 'kasih', 'kak', '']"
612,"['ready', 'fullset', 'curvemerk', 'monitor', 'inch']"
613,"['min', 'os', 'software', 'crack']"
614,"['full', 'set', 'monitor', 'merek']"
615,"['full', 'set', 'full', 'set', 'curved', 'beda', 'kak']"
616,"['min', 'ready', 'pc', 'full', 'set', 'ssd', 'up', '500', 'gb', 'biaya', 'min']"
617,"['install', 'game', 'fokusin', 'kontent', 'kreator']"
618,"['render', 'v-ray', 'sketchup', 'cepat', 'lancar', 'jaya', 'minimal', 'spek', 'gan']"
619,"['min', 'nanya', 'pc', 'makan', 'genshin', 'rata', 'kanan', 'lancar', 'iya']"
620,"['pesan', 'kirim']"
621,"['makan', 'gta', 'role', 'play']"
622,"['tolong', 'download', 'aplikasi', 'file', 'link', 'cloud', 'kirim', 'aplikasi', 'download', 'bayar', 'laptop cloud']"
623,"['work', '2023', 'gan']"
624,"['makan', 'beamng', 'drive', 'ennga']"
625,"['core', 'i5', 'kah', 'min']"
626,"['gan', 'kuat', 'video', 'editing', '4k', 'kah', 'world', 'war', 'lancar']"
627,"['merk', 'mb', 'vga']"
628,"['gan', 'ssd', '450', 'hdd', '1', 'tb', 'game', 'bus', 'simulator', 'kuat', 'streaming']"
629,"['makan', 'battlefield', '2042', 'support', 'kah', 'kak']"
630,"['bang', 'stick', 'tambah']"
631,"['mas', 'tanyasemisal', 'ssdnya', 'ganti', '500gb-1tb', 'ngaruh', 'iya', 'masatau', 'saran', 'mas', 'ganti', 'ssd', 'pas', 'lain']"
632,"['sasd', 'om']"
633,"['generasi', 'kebrapa']"
634,"['min', 'pas', 'kirim', 'full', 'rakit', 'kirim', 'part']"
635,['streaming']
636,"['pc', 'fullset', 'up', 'minkalo', 'up', 'ssd', '500', 'gb', 'minterus', 'tambah', 'hdd', '1', 'tb', 'min']"
637,"['nyambung', 'wifi', 'ganini', 'ssd', 'hdd', 'cuman', 'ssd']"
638,"['ram', '2x8', 'gan']"
639,"['gan', 'pc', 'full', 'set', 'monitor']"
640,"['monitor', 'inci']"
641,"['abang', 'suport', '4k']"
642,"['gan', 'harga', 'baru', 'iya', 'gan']"
643,"['min', 'pc', '', 'monitor']"
644,"['ssd', 'up', 'to', '250', 'hdd', 'up', 'to', '1tb']"
645,"['desain', 'editing', '4k', 'om']"
646,"['rdr2', 'kuat', 'fps', 'gan']"
647,"['gan', 'ganti', 'pakai', 'lga', '1700', 'i5-12600']"
648,"['mouse', 'keyboarnya', 'wireless', 'ssdny', 'nvme', 'tambah', 'min']"
649,"['request', 'gamenya', 'gratis', 'beli', 'min']"
650,"['rakit', 'pcnya', 'mouse', 'keyboardnya', 'wireless', 'usb']"
651,"['min', 'ssdnya', 'tambah', '200', 'gban']"
652,"['cooler', 'fannya', 'kak', 'merknya', 'kencang']"
653,"['ssd', 'merk', 'vga', 'merk']"
654,"['ram', 'monitor', 'merek', 'min']"
655,"['min', 'monitor', 'up', 'to', '144hz', 'ssd', '512gb', 'hdd', '1tb', 'total']"
656,"['casing', 'merek', 'gan']"
657,"['min', 'request', 'monitor', '24inch', '144hz', 'hardisknya', 'dgnti', 'ssd', '512gb', 'min']"
658,"['min', 'game', 'muat']"
659,"['gan', 'ssdny', 'upgrade', 'je', '512', 'gb', 'pakai', 'hdd', 'gan']"
660,"['merk', 'psu', 'ram', 'keping']"
661,"['gan', 'gtx', '1650', 'super', 'tambah', 'ssd', '500gb']"
662,"['assalamualaikum', 'bang', 'casing', 'pc', 'warna', 'putih', 'kah']"
663,"['min', 'ssd', '', 'harddisk', 'up', '1', 'tb', 'monitor', 'up', 'ke144hz', 'min', 'tambah', 'min']"
664,"['makan', 'red', 'dead', 'redemption', '2', 'ngangkat', 'gan']"
665,"['gan', 'monitor', 'ganti', '144hz', 'tambah', 'harga']"
666,"['min', 'game', 'pilih', 'bebrapa']"
667,"['gan', 'nanya', 'hdd', 'ganti', '1', 'tb', 'monitor', '27', 'keyboard', 'mouse']"
668,"['ready', 'gan']"
669,"['12', 'juta', 'an', 'full', 'set', 'min']"
670,"['ram', 'merk', 'iya', 'gan']"
671,"['min', 'ssd', '240', 'tambah']"
672,"['min', 'pakai', 'powersupply']"
673,"['gan', 'vga', 'ganti', 'rtx', '2060', 'ssd', '240gb', 'gan']"
674,"['valorant', 'fps', 'gan']"
675,"['monitor', 'merk', 'gan']"
676,"['monitor', 'ganti', '144', 'hz', 'bang']"
677,"['ready', 'barang']"
678,"['min', 'hardisk', 'ganti', '1', 'tb']"
679,"['ganti', 'vga', 'rx', '580', '8', 'gb', 'radeon', 'r9', '370', '4gb', 'tambah', 'gan']"
680,"['ready', 'gan', 'sesuai', 'deskripsi', 'harga']"
681,"['gan', 'ganti', 'cas', 'pakai', 'xigmatex', 'omg', 'aqua', 'blue', 'monitor', 'ganti', '27inci']"
682,"['listrik', '450va', 'kuat']"
683,"['gan', 'ganti', 'ryzen', '5', '5600g', 'ganti', 'vga', 'pakai', 'vega', '7']"
684,"['gan', 'pc', 'only', 'pc', 'doang']"
685,"['vga', 'iya', 'seri', 'nvidia', 'gtx', 'gan']"
686,['gan']
687,"['pakai', 'keyboard', 'mouse', 'brpaan', 'monitor', 'hz']"
688,"['harga', 'deskripsi', 'pakai', 'mob', 'asrock', 'b450m']"
689,"['cs', 'go', 'fps', 'gan']"
690,"['gan', 'pakai', 'monitor', 'mobo', 'ganti', 'asrock', 'b450m', 'hdv']"
691,['gtx']
692,"['nama', 'monitor', 'spesifik', 'min', 'led', '24', 'samsung']"
693,"['game', 'ori bisa', 'online']"
694,"['monitor', 'gan']"
695,"['processor', 'ganti', 'ryzen', '5', '6450g', 'kak']"
696,"['ready', 'kah']"
697,"['ganti', 'pakai', 'vga', '4gb']"
698,"['kakak', 'monitor']"
699,"['windows', '10', 'office', 'original']"
700,"['main', 'genshin', 'impact', 'high', 'setting', '60', 'fps', 'gan']"
701,"['windowsnya', 'trial', 'permanen', 'kak']"
702,"['nanya', '', 'hdd', 'ganti', '4', 'tera', 'kira']"
703,"['gan', 'request', 'game', 'maksimal']"
704,"['ram', '16', '8']"
705,"['boss', 'lebaran', 'order', 'spec']"
706,"['exclude', 'gear', 'gan', 'pakai', 'keyboard', 'mouse']"
707,"['min', 'cod']"
708,"['gan', 'ganti', 'prosesor', 'amd', 'raizen', '5', '3600', 'vga', 'saphire', 'rx', '570', '', 'radeon', 'rx', '570', 'ram', '16', 'gbmatherboard', 'gigabyte', '450m', 'mpower', 'suplai', 'unit', 'gigabite', 'cpu', 'hitung']"
709,"['vega', '11', 'depan', 'diupgrade', 'pakai', 'vga', 'dedicated', 'gtx', '1650']"
710,"['gamenya', 'list', 'pilih']"
711,"['bang', 'stok']"
712,"['tegang', 'rumah', 'cuman', '450', 'kuat']"
713,"['beli', 'mouse', 'keyboard', 'ganti', 'monitor', 'merk']"
714,"['fan', 'cooler', 'rgb']"
715,"['vga', 'merk']"
716,"['vga', 'ubah', '4gb', 'ssd', '240 hdd', '500']"
717,['game']
718,"['gan', 'pc']"
719,['ready']
720,"['gan', 'keyboard', 'mouse', 'ganti', 'kak']"
721,"['ready', 'min', 'ganti', 'hdd', '500', 'ssd', '120', 'min']"
722,"['bang', 'games', 'nugas', 'edit', 'desain', 'dll', 'bang']"
723,"['guna', 'kwh', 'hari', 'gan']"
724,"['bro', 'pc', 'monitor']"
725,"['gan', 'aplikasi', 'deskripsi', 'aplikasi', 'install', 'installkan']"
726,"['ram', '8gb', '16gb', 'deskripsi', 'judul', 'beda', 'gan']"
727,"['bang', 'monitor', '1', '2', 'harga']"
728,"['gan', 'kirim', 'jakarta']"
729,"['monitor', '144hz']"
730,"['gan', 'aplikasi', '', 'list', 'games', 'terinstall', 'pilih', 'biaya', 'tuh']"
731,"['alamat', 'toko', 'mana', 'gan']"
732,"['wd', '2', 'assassin', 'creed', 'oddsey']"
733,"['ready', 'bos', 'merk', 'spek', 'bos']"
734,"['editing', 'video', 'adobe', 'premiere']"
735,"['gan', 'ram', 'ganti', '16', 'gb', 'monitor', '24mp88']"
736,"['pubg', 'steam', 'gratis']"
737,"['gan', 'vga', '4', 'gb']"
738,"['custom', 'request', 'vga', 'rtx', '2060', 'monitor', 'pakai', '144', 'hz']"
739,"['min', 'rakit', 'pc', 'range', 'harga', '8-10jt']"
740,"['kak', 'casingnya', 'merek']"
741,"['kak', 'i5', 'ganti', 'i9', 'kak']"
742,"['jual', 'prosesor', 'casing', 'min', 'beli', '', 'rakit', 'sini', 'spek', 'sesuai', 'butuh', 'motherboard', 'varian', 'ryzen', '5', '5600g']"
743,"['procesor', 'ganti', 'amd', 'ryzen', '7', 'kak']"
744,"['kak', 'rtx', '4060ti', 'pakai', '16gb']"
745,"['garansi', 'tahun', 'kak', 'service', 'gratis', 'bersihin', 'pc', 'kah']"
746,"['kak', 'info', 'benchmark', 'software', 'lumion', 'vga', 'rtx', 'gb']"
747,"['terinstal', 'windows']"
748,"['mobo61', 'ganti', 'a520m']"
749,"['ssd', '500gb', 'tambah']"
750,"['rendering', '3d', 'sketchup', 'blender', 'min']"
751,"['bonus', 'gamesnya', 'kakak']"
752,"['kak', 'keyboard', 'monitor', 'mouse', 'pakai', 'varian', 'putih', 'kak']"
753,"['kak', 'i3', '9100f', 'rx580', 'redy', 'fulset', 'monitor', 'keyboard', 'mouse', 'dll', 'bang', 'harga5-6jtan', 'fulset']"
754,"['butuh', 'kamera', 'monitor', 'gedein', 'gan']"
755,"['request', 'upgrade', 'ram', 'ssd', 'mas']"
756,"['kirim', 'kalimantan', 'selatan', 'aman']"
757,"['gan', 'rumah', 'listrik', '900', 'ampere', 'ngangkat']"
758,"['makan', 'game', 'cs2']"
759,"['kak', 'nanya', 'paket', 'pc', 'monitor', 'keyboard', 'mousenya', 'kak']"
760,"['kak', 'makan', 'tidur', '2', 'ting', 'nak']"
761,"['gan', 'kirim', 'bogor', 'aman', 'kah']"
762,"['monitor', 'pakai', 'merk', 'kak']"
763,"['main', 'roblox', 'support', '', 'aman', 'sentosa']"
764,"['monitor', 'ganti', 'merek']"
765,['ready']
766,"['bang', 'kuat', 'live']"
767,"['bang', 'multi', 'emu', 'screen', 'multi', 'emunya']"
768,['editing']
769,"['coreldraw', 'lancar', 'kah']"
770,"['kak', 'dirakitin']"
771,"['ready', 'gan', 'terima', 'tukar', 'gan']"
772,"['fasilitas', 'wifi']"
773,"['barang', 'ready', 'min']"
774,"['slot', 'ram', 'hdd']"
775,"['total', 'pakai', 'listrik']"
776,"['vga', 'ddr']"
777,"['cpu', 'warna', 'putih', 'ready']"
778,['hddnya']
779,"['kak', 'dirakitin', '', 'request', 'game', 'bebas']"
780,"['harga', 'vga']"
781,"['kak', 'ready', 'game']"
782,"['request', 'gan']"
783,"['gan', 'nny', 'game', 'iya']"
784,"['sesuai', 'deskripsi']"
785,"['min', 'tambah', 'keyboard', 'gamingnya']"
786,"['casingnya', 'warna', 'gan']"
787,['casing']
788,"['watt', 'kakak']"
789,"['kak', 'kirim', 'kesurabaya', 'aman']"
790,"['vga', 'ddr']"
791,"['monmap', 'kak', 'unit', 'cpu', 'doang', 'desktopnya']"
792,"['usb', 'wifi', 'bang']"
793,"['request', 'aplikasi', 'pas', 'beli', 'download', 'adobe', 'animate']"
794,"['ssd', 'ganti', '240', 'harga']"
795,"['casing', 'muat', 'gpu', '3', 'fan', 'min']"
796,"['pes', '2021', 'lancar']"
797,"['muat', 'game', 'kak']"
798,"['gan', 'komponen', 'new', 'second']"
799,"['driver', 'diinstal', 'min']"
800,"['spaepart', 'refurbish']"
801,"['aplikasi', 'pcnya', 'kak']"
802,"['speknya', 'sesuai', 'min', 'deskripsi']"
803,"['monitor', 'doang', 'min', 'pc', 'beli']"
804,"['pc', 'ny', 'ram', '16', '8', 'kak']"
805,"['headshet', 'webvam', 'kak']"
806,"['ambil', 'ambil', 'toko', 'gan', 'domisili', 'kota']"
807,"['haji', 'bang']"
808,"['kak', 'gamenya', 'legal', 'bukan', 'mod']"
809,"['intsalin', 'photoshop']"
810,"['request', 'game']"
811,"['bang', 'cari', 'cari', 'pc', 'pas', 'main', 'game', 'berat', 'rencana', 'beli', 'pc', 'tahun', 'bang', 'nanya', 'bang', 'vga', 'ganti', '1650']"
812,"['monitor', 'ganti', 'pakai', 'msi', 'bang', 'msi', 'optix', 'g24c4']"
813,"['pakai', 'cicil']"
814,"['downgrade', 'monitor']"
815,"['kak', 'bonus', 'gamenya', 'pilih', 'sesuai']"
816,"['kirim', 'kaltim', 'ongkirnya']"
817,"['casingnya', 'pilih', 'warna', 'putih', 'kak']"
818,"['dalem', 'paket', 'bang']"
819,"['kak', 'kredit']"
820,"['monitor', 'gan']"
821,"['upgrade', 'ssdnya']"
822,"['mouse', 'keyboardnya', 'sesuai', 'iklan', 'rgb', 'kak']"
823,"['request', 'kustom', 'headset', 'kak', 'rexus', 'daxa']"
824,"['kak', 'vga', 'ny', 'ganti', 'gtx', '660', '2gb', 'kak']"
825,"['headsetnya', 'pakai', 'headset']"
826,"['kirim', 'pulau', 'packingnya', 'kak']"
827,['rakit']
828,"['headsetnya', 'merk', 'bos']"
829,"['kak', 'kredit']"
830,"['headsetnya', 'merk']"
831,"['kak', 'monitor', '19', 'inc']"
832,"['lengkap', 'mas']"
833,"['kakak', 'costem', 'ga webcam', 'keyboard', 'mouse', '1', 'monitor', '2', 'monitor', 'kak']"
834,"['maaf', 'kak', 'request', 'procecornya', 'i3', '10105f', 'mobanya', 'ganti', 'h510', 'tambah', 'kak']"
835,"['gan', 'request', 'game', 'gan']"
836,"['monitor', 'merek', 'kak']"
837,"['gen', 'kak']"
838,"['kak', 'streaming', 'mksdnya', 'webcamp', 'headsetnya', 'gambar']"
839,"['gan', 'full', 'set', 'cpu', 'only', 'monitor', 'ny']"
840,"['kak', 'vga', 'onboard', 'pakai', 'vga', 'card']"
841,"['roblox', 'rata', 'kanan', 'sanggup']"
842,"['abang', 'kadang', 'kadang', 'bocah', 'umur', '11', 'tahun', 'beli', 'beli', 'umur', '13', 'tahun', 'abang']"
843,"['kak', 'processor', 'i5', 'gen']"
844,"['kak', 'olah', 'data', 'iya']"
845,"['kak', 'pc', 'makan', 'roblox']"
846,"['game', 'steam', 'dota', 'kuat', 'gan']"
847,"['kuat', 'makan', 'valorant']"
848,"['fullset', 'monitor', 'merk']"
849,"['makan', 'rdr2']"
850,"['terkonek', 'wifi', 'gan']"
851,"['kak', 'varian', 'cpu led', 'fulset', 'iya', 'keyboard', 'monitor', 'mouse', 'pc', 'kak']"
852,"['maksud', 'memori', '8gb', 'ram', 'ssd']"
853,"['makan', 'minecraft', '120', 'kak']"
854,"['full', 'set', 'monitor']"
855,"['ready', 'gan']"
856,"['ryzen', '5', '5600g', 'upgrade', 'min', 'pasang', 'vga', 'eksternal']"
857,"['monitor', 'hp', 'white', 'jual']"
858,"['game', 'softwarenya', 'crack']"
859,"['bang', 'steamnya', 'kasi', 'akun']"
860,"['kak', 'cpu', 'pakai']"
861,"['pasang', 'vga']"
862,"['psu', 'pakai', 'min']"
863,"['fan', 'prosesor', 'pakai', 'rgb', 'kak']"
864,"['genshin', 'impact', 'kuat']"
865,"['gan', 'point', 'blank', 'kah']"
866,"['harga', 'temasuk', 'monitor']"
867,['rakit']
868,"['listrik', '450watt']"
869,[]
870,"['request', 'game', 'kak']"
871,"['ethernet', 'kang']"
872,"['rumah', 'listrik', '900', 'ampere', 'kuat', 'gan']"
873,"['internal', '500gb', 'harga']"
874,"['pesan', '1tb', 'dm', 'mas', 'request', 'game', 'gitu', 'beli']"
875,"['rtx', 'fullset', 'putih']"
876,"['fullswt', 'putih', 'rtx', 'bang', 'paham', 'suruh', 'baca', 'ga', 'erti', 'pc']"
877,"['kak', 'sistem', 'cicil']"
878,"['kang', 'aplikasi', 'pilih', 'gan']"
879,"['monitor', 'keyboard', 'mouse', 'kah']"
880,"['merek', 'monitor', 'putih']"
881,"['maaf', 'tanya', 'komponen', 'pakai', 'bekas']"
882,"['processor', 'ny', 'intel', 'i7', 'gen', 'gan']"
883,"['maaf', 'mas', 'spek', 'main', 'city', 'skyline', 'mas']"
884,[]
885,"['serius', '3jt', 'i7', 'gen1', '3jt', 'i7', 'gen3 4', 'lhoooo', 'vga', 'bekas', 'gtx950']"
886,"['sore', 'kang', 'maaf', 'game', 'new', 'world', 'spec', 'terima', 'kasih']"
887,"['gan', 'mbak', 'h55', 'maximal', 'pakai', 'processor', 'gen', 'hatur', 'nuhun']"
888,"['piiihan', 'monitor', 'dua', 'inch']"
889,"['nih', 'gaem', 'gta', 'min']"
890,"['1tera4gb22putih', 'ready']"
891,"['pakai', 'streaming', 'kak']"
892,"['design', 'grafis', 'video', 'editing', 'bagus', 'varian', 'gan']"
893,"['makan', 'rdr2']"
894,"['kak', 'varian', 'hdd', '1tera hitam', 'varian', 'vga', '4 22hitam', 'bagus', 'kak']"
895,"['produk', 'full', 'putih', 'kuat', 'egk', 'makan', 'valorant', 'kak']"
896,"['makan', 'ets']"
897,"['gan', 'spec', 'editing', 'video', '4k', '2k']"
898,"['paket', 'ganti', 'pakai', 'ddr4', '8gb', '16gb', 'kak']"
899,"['casing', 'pakai']"
900,"['makan', 'pubg']"
901,"['install', 'windows']"
902,"['bekas', 'bos']"
903,"['game', 'bisa', 'pilih', 'gan']"
904,"['pakai', 'ssd', 'nvme', 'kah', 'min']"
905,"['psu', 'kuat', 'pakein', 'vga', 'gtx', '1650', 'mas']"
906,"['up', 'psu', 'kuat', 'vga', '6600', 'xt', 'bang']"
907,"['mas valorant', 'cs2', 'fps']"
908,"['instal', 'windows', 'windows']"
909,"['depan', 'vga', 'eksternal', 'min']"
910,"['ada', 'barang']"
911,"['monitor', 'keyboard', 'mouse', 'wifi']"
912,"['vga', 'vega', 'series', 'gan']"
913,"['kak', 'keyboard', 'mouse', 'merek']"
914,"['gaming', 'kuat', 'kak']"
915,"['min', 'toko', 'offline', 'harga']"
916,"['kirim', 'bengkulu', 'aman', 'pc']"
917,"['kirim', 'sulawesi', 'tenggara', 'aman', 'abang', 'v', 'takut', 'rusak', 'wkwk']"
918,"['kak', 'aman', 'kirim', 'pulau', 'jawa']"
919,"['kak', 'multimedia', 'render', 'video', 'aman', 'nih']"
920,"['kak', 'streaming', 'aman', 'jos']"
921,"['bang', 'vga', 'pakai', '1660', 'super']"
922,"['makan', 'xbox', 'gamepass', 'pc']"
923,"['min', 'plug', 'and', 'play', 'kah']"
924,"['install', 'driver', 'pnp', 'kak']"
925,"['model', 'wireless']"
926,"['wireless', 'kabel']"
927,"['plug', 'nd', 'play', 'ny', 'iya', 'gan']"
928,"['forza', 'horizon', '5', 'gan']"
929,"['plug', 'play', 'game', 'steam']"
930,"['gan', 'analog', 'kanan', 'fungsi', 'camera', 'contoh', 'game', 'god', 'of', 'war', 'beli', 'brand', 'button', 'iya']"
931,"['hitam', 'ready', 'suport', 'xinput']"
932,"['plug', 'play', 'jalan', 'aplikasi', 'x360', 'gan', 'biar', 'kompatible', 'game']"
933,"['garansi', 'gan']"
934,"['kirim', 'kak']"
935,"['resident', 'evil', '4', 'pc', 'install', 'aplikasi']"
936,"['fifa', '23']"
937,"['windows', '11']"
938,"['pnp', 'gan', 'windows', '10']"
939,"['r2', 'l2', 'trigger', 'min', 'dual', 'vibration', 'single']"
940,['macbook']
941,"['game', 'bola', 'pes', '2021', 'pc', 'support', 'yakalo', '2', 'stik', 'makenya', '2', 'usb']"
942,"['trigger', 'r2', '', 'l2', 'on', '', 'off', 'progressive', 'maksud', 'makan', 'game', 'mobil', 'gas', 'gas', 'pol', 'lepas', 'gas', 'thank', 'you']"
943,"['ready', 'kirim']"
944,"['putih', 'kosong', 'gan']"
945,"['support', 'android', 'versi', '12']"
946,"['gta', 'makan', 'pakai', 'aplikasi', 'kak']"
947,"['gan', 'dinamo', 'dalam', 'joystick']"
948,"['support', 'game2', 'steam', 'kak']"
949,"['stik', 'getar']"
950,"['gan', 'klaim', 'garansi']"
951,['ready']
952,"['ready', 'garansi']"
953,"['barang', 'orisinal', 'rexus']"
954,"['ready', 'om', 'gojek', 'instant']"
955,"['kak', 'kabel', 'monitor', 'kah']"
956,"['vga', 'ganti', 'gtx1660super']"
957,"['bawa', 'fan', 'min', 'tambah', 'maksmial', 'muat', 'fan']"
958,"['tanpavga', 'gan']"
959,"['rakit', 'min']"
960,"['ganti', 'rtx', '2050', 'admin']"
961,"['isi', 'wifi']"
962,"['non', 'vga']"
963,"['halo rumah', 'ku', 'listrik', '450v', 'kulkas']"
964,"['alamat', 'toko']"
965,"['ganti', 'rtx', '3050', 'total', 'kak']"
966,"['warna', 'cooler', 'ganti']"
967,"['pasang', 'rtx']"
968,"['upgrade', 'ram', 'makan', 'minecraft', 'java']"
969,"['min', 'rekues', 'casing', 'hitam', 'rgb', 'putih']"
970,['ready']
971,"['kabel', 'power', 'vga', 'dll', 'mas']"
972,"['min', 'kirim', 'kota']"
973,"['kak', 'barang', 'ambil', 'bayar', 'pakai', 'tokped']"
974,"['maka', 'grapic', 'card', 'asus', 'gan']"
975,"['halo', 'tanya', 'windows', '10', 'windows', '11']"
976,"['hdd', '1tb']"
977,"['gan', 'makan', 'forza', 'horizon', 'kuat', 'fps']"
978,"['request', 'game']"
979,"['windows', 'orisinal']"
980,"['bayar', 'atas', '10', 'juta', 'gan']"
981,"['gan', 'makan', 'valorant', 'stabil kuat']"
982,"['ganti', 'windows', '10', 'pro', 'biasa', 'pakai', 'windows', '11', 'ganti', 'ram', '16', 'gb']"
983,"['warna', 'rgbny', 'matiin', 'kakak', 'ganti']"
984,"['request', 'windows', 'asli', 'kak']"
985,"['min', 'ganti', 'item', 'mobo', 'casing']"
986,"['connect', 'wifi', 'bluetooh', 'gaperlu', 'pakai']"
987,"['min', 'ganti', 'casing']"
988,"['ganti', 'i5', '10400f']"
989,"['upgrade', 'ram']"
990,"['req', 'ganti', 'casing', 'kak']"
991,"['ready', 'kak']"
992,"['kak', 'barang', 'ambil']"
993,"['gan', 'kondisi', 'pas', 'kirim', 'rakit']"
994,"['stok', 'habis', 'kah', 'kak']"
995,"['min', 'ganti', 'item', 'item', 'ganti', 'mobo', 'ram', 'b560', 'auros', 'ram', '16gb']"
996,"['gan', 'build', 'gambar', 'cooler']"
997,"['ready', 'min']"
998,"['pc', 'full', 'set', 'doang', 'min', 'monitor']"
999,"['kak', 'casingnya', 'sesuai', 'gambar']"
1000,"['tambah', 'ram', '16', 'gb', 'kak', 'tambah', 'ssd', '512', 'tambah', 'iya']"
1001,"['ganti', 'vga', 'rtx', 'tambah', 'kak']"
1002,"['windows', '10']"
1003,['hdd']
1004,"['pasang', 'vga']"
1005,"['psu', '80']"
1006,"['min', 'pc', 'gaming', 'makan', 'fornait', 'gta', 'rp']"
1007,"['min', 'ram', '', 'ssd', 'merk', '']"
1008,"['depan', 'biar', 'kencang', 'upgrade', 'apa', 'min']"
1009,"['min', 'barang']"
1010,"['gan', 'spiderman', 'miles', 'morales', 'suport', 'kah']"
1011,"['kuat', 'makan', 'valo apex', 'min']"
1012,"['makan', 'game', 'assettocorsa']"
1013,"['ram', 'stabil', 'oc', '3200', 'stabil', '2666']"
1014,"['rakit', 'kah']"
1015,"['makan', 'euro', 'truk', 'simulator', '2']"
1016,"['keranjang', 'kak', 'tunggu', 'kumpul', 'dana', 'ehe']"
1017,"['psu', 'merek', 'min']"
1018,"['maaf', 'kak', 'merek', 'ssd', 'psu', 'ram']"
1019,"['makan', 'gta', '5', 'roleplay']"
1020,"['ready', 'min', 'cassing', 'pilih', 'kah', 'gambar', '3', 'casing', 'beda']"
1021,"['genshin', 'impact', 'setting', 'high', '60fps', 'gan']"
1022,"['ready', 'kah', 'min', 'komponen', 'persis', 'deskripsi']"
1023,"['spek', 'ini', 'rekomendasi', 'makan', 'hogwarts', 'legacy', 'iya', 'fps']"
1024,"['game', 'gan', 'resident', 'evil', '4', 'remake', 'the', 'last', 'of', 'us2', 'god', 'of', 'war', 'ragnarok', 'call', 'of', 'duty', 'warzone']"
1025,"['min', 'spek', 'monitor', 'samsung', 'curved', '24', 'inch']"
1026,"['min', 'pc', 'pilih', 'acak']"
1027,"['ok', 'siang', 'check', 'out', 'barang', 'game', 'ubah', 'dikit', 'gan', 'gta', 'residen', 'evil', '7', 'pubg', 'mobile', 'dota', '2', 'devil', 'my', 'cry', '5', 'pes', '2019']"
1028,"['kirim', 'sumatra', 'biaya', 'gan', 'rencana', 'ambil', 'komputer']"
1029,"['list', 'game', 'tera', 'situ', 'pilih', 'item', 'game']"
1030,"['cpunya', 'min']"
1031,"['makan', 'battlefield', '5', 'multiplayer', 'fps', 'gan']"
1032,"['spiker', 'gan']"
1033,"['makan', 'valo', 'fps', 'kak']"
1034,"['free', 'fire', 'gan']"
1035,"['2juta', 'an', 'pc', 'lengkap', 'kah', 'kak', 'takut', 'beli', 'pc', '2', 'juta', 'cuman', 'cpu', 'cuman', 'monitor', 'terima', 'kasih']"
1036,"['kak', 'fullset', 'lengkap']"
1037,"['kak', 'edit', 'after', 'effect', 'lancar', 'instal', 'game', 'lancar']"
1038,"['kak', 'ram', 'kakak', 'jual', 'jelek', 'retur', 'pakai', 'tuh', 'gimana', 'chat', 'balas']"
1039,"['buka', 'blender', 'roblox', 'studio', 'kak']"
1040,"['klaim', 'garansi', 'gan']"
1041,"['min', 'makan', 'mhw', 'fps']"
1042,"['diinstal', 'windows adobe corel office']"
1043,"['kak', 'game', 'diinstal', 'pc', 'makan', 'game', 'gta5', 'rdr2', 'tolong', 'kak']"
1044,"['pubg', 'varian', 'gtx', '750ti', 'fps']"
1045,"['kak', 'makan', 'gta', '5', 'fps', 'kak']"
1046,"['makan', 'genshin', 'min', 'fps']"
1047,"['kak', 'part', 'partnya', 'kondisi', 'bekas']"
1048,"['pakai', 'edit', 'photoshop', 'after', 'effect', '3d', 'blend', 'mumpuni']"
1049,"['ready', 'stok', 'kirim', 'ini', 'surabaya']"
1050,"['ram', 'up', 'kasih', 'opsi', 'up', 'ssd', 'ram', 'min']"
1051,"['support', 'valorant', 'fps', 'kak']"
1052,"['min', 'pubgm', '90fps', 'nih']"
1053,"['prosesor', 'generasi']"
1054,"['kak', 'ram', '8gb', 'dual', 'single', 'chanel']"
1055,"['psu', 'motherboard', 'merk', 'harga']"
1056,"['psu', 'ganti', 'armaggeddon', 'voltron', 'bronze', '235', 'watt', '242w', 'standard', 'rated', 'power', 'wide', 'voltage', '170v', '-', '240v', 'built', '120mm', 'silent', 'fan']"
1057,"['suport', 'vga', 'gan']"
1058,"['pasang', 'vga']"
1059,"['up', 'amd', '5', '56000g']"
1060,"['hardisk', '500gb', 'seagate', 'kakak']"
1061,"['makan', 'valo', 'fps', 'kak', 'rata', 'kiri']"
1062,"['gan', 'merk', 'speed', 'ram', 'ssd', 'nvme']"
1063,"['kak', 'gamenya', 'request']"
1064,"['barang', 'kirim', 'proses', 'rakit', 'kak']"
1065,"['psu', 'ganti']"
1066,['cod']
1067,"['psu', 'merk', 'gan']"
1068,"['spek', 'pakai', 'mobo', 'h610m', 'z790']"
1069,"['warna', 'fan', 'ganti', 'ganti', 'min']"
1070,"['editingan', 'rendering', 'video', '4k', 'lancar', 'throtling']"
1071,"['throtling', 'gan']"
1072,"['pc', 'makan', 'minecraft', 'pakai', 'shader', 'rtx', 'on']"
1073,"['pc-', 'kakak', 'rakit']"
1074,"['benar', 'adobe', 'premiere']"
1075,"['makan', 'gta', '5']"
1076,"['gan', 'mobo', 'pasang', 'vga', '750ti', '4gb', 'ddr5', 'vga', '']"
1077,['gan']
1078,"['makan', 'core', 'island', 'kak']"
1079,"['varian', 'vga', '2gb', 'kuat', 'makan', 'pes', '2021', 'kah']"
1080,"['pakai ganti', 'casing', 'fan', 'rgb', 'photo', 'no1']"
1081,"['isi', 'full', 'game', 'baru']"
1082,"['vga', 'jenis', 'spek', 'gan']"
1083,"['request', 'casing', 'kak']"
1084,"['partnya', 'gan']"
1085,"['tambah', 'ssd', 'monitor']"
1086,"['pesan', 'vga hdd ssd', 'min']"
1087,"['design', 'grafis', 'editing', 'video', 'ok', 'mas']"
1088,"['vga', 'spec', 'kak', 'gddr']"
1089,"['game', 'request', 'kak']"
1090,"['slot', 'ssd', 'min']"
1091,"['min', 'tau', 'beli', 'toko', 'offline', 'harga', 'beda', 'tinggal', 'medar', 'mall', 'mangga', '2']"
1092,"['min', 'ijin', 'tipe', 'sun', 'readynya', 'tipe', 'eg', 'mobonya', 'ganti', 'asrock', 'tipe', 'sun', '']"
1093,"['kak', 'varian', 'pc', '', 'kayu', 'ongirnya', 'mahal', 'pc', 'paking', 'kayu', 'murah', '300', 'ribu', 'opsi', 'kirim', 'papua', 'eror']"
1094,"['kak kalau', 'kirim', 'pakai', 'kargo', 'aman', 'kak', 'jawa', 'abis', 'kak']"
1095,"['live', 'streaming', 'tiktok', 'main', 'genshin', 'rata', 'kanan']"
1096,"['unit', 'ready', 'min']"
1097,"['gan', 'psu', 'watt']"
1098,"['windows', '11nya', 'activated', 'tambah']"
1099,"['bang', 'mobo', 'merk']"
1100,"['beli', 'thermal', 'pastenya', 'rakit', 'rakit']"
1101,"['vram', 'vga']"
1102,"['vga', 'rx580', '2048', 'sapa', 'iya', 'kak', 'model']"
1103,"['ryzen', '5', 'seri', 'kak']"
1104,"['aplikasi', 'game', 'req']"
1105,"['kak', 'install', 'aplikasi']"
1106,"['diupgrade', 'kah', 'min']"
1107,"['namba', 'hdd', '2', 'tera', 'tambah', 'brp', 'nambahnya', 'kirim']"
1108,"['listrik', '450watt', 'kuat', 'bang', 'pc']"
1109,"['min', 'psu', 'tambah', '550w-600w', 'tambah']"
1110,"['foto', 'aigon 4fan 16gb', 'min', 'takut', 'sesuai', 'ekspetasi']"
1111,"['pakai', 'psu', 'merek', 'min']"
1112,"['min', 'barang', 'rusak', 'garansi', 'kah']"
1113,['fullset']
1114,"['psu', 'ganti', '400 bronze']"
1115,"['hardisk', '2', 'ssd', '256gb', '', 'nvme', '256']"
1116,"['ganti', 'tambah', 'ssd', 'nvme', '256gb']"
1117,"['magix', 'a320m', 'ram', '16', 'ssd', 'nvme', '256', 'min']"
1118,"['min', 'vga', 'upgrade']"
1119,"['min', 'misal', 'ssd', '512', '280', 'ribu', 'bayar', 'tambah', 'min']"
1120,"['montech', 'ready', 'minn']"
1121,"['ready', 'minn']"
1122,"['stok', 'ready', 'windows', 'installed']"
1123,"['min', 'ssd', '1tb', 'tambah']"
1124,"['min', 'full', 'set']"
1125,"['hdd', 'tambah', '1tb', 'pakai', 'vga', '1060', 'ti', 'tambah', 'min']"
1126,"['min', 'beda', 'bg30', 'a520m', 'bg30', 'a320m']"
1127,"['makan', 'valo', 'smooth', 'kak']"
1128,"['full', 'set']"
1129,"['psu', 'merek', 'gan']"
1130,"['min', 'ssd', 'ganti', 'nvme', 'samsung', '', 'ventus', '512', 'gb']"
1131,"['ready', 'kak']"
1132,"['sesuai', 'deskripsi', '5 2', 'total']"
1133,"['min', 'beli', 'pakai', 'gpu', 'kah', 'min']"
1134,"['merk', 'ram']"
1135,"['min', 'mobo', 'ganti', 'series']"
1136,"['ready', 'gan']"
1137,"['pakai', 'nvmegada', 'hardisk']"
1138,"['vga', 'bang', 'lubang', 'flash', 'disk']"
1139,"['gan', 'procie', '', 'mobo', '', 'ram', '16gb']"
1140,"['gan', 'request', 'mobo', 'stell', 'legend', 'b450m', 'aircoller', 'corsair', 'll', '120', 'white', 'rgb']"
1141,"['om', 'psu', 'request', 'ganti', 'tambah']"
1142,"['kak', 'produk', 'request', 'vga']"
1143,"['pakai', 'ssd']"
1144,"['kirim', 'pc', 'rakit sudah', 'rakit', 'rakit', 'komponen', 'segel', 'kah']"
1145,"['min', 'kirim', 'kompinennya', 'lepas', 'komponen', 'cpu', 'tray', 'box']"
1146,"['part', 'new', 'bang']"
1147,"['bang', 'psu', 'ganti', 'merk', 'bagus', 'corsair seasonic', 'berapa', 'pasang', 'rx6600']"
1148,"['mobo', 'dual', 'channel', 'min']"
1149,"['min', 'varian', 'ram', '16', '3200', 'mah', 'psu', 'min', 'depan', 'masang', 'vga', '1660s', '80', 'bronze', 'min']"
1150,"['ganti', 'vga', 'nvidia', 'min']"
1151,"['merk', 'ssd', 'psu']"
1152,"['adobe', 'after', 'effect', '', 'ilustrator', 'baru', 'kuat', 'gojek']"
1153,"['bayar', 'rakit', 'kirim', 'jam', 'rencana', 'gojek', 'instan', 'tebet', 'maksimal', 'jam', '3', 'musti', 'nyampe', 'soal']"
1154,"['gan', 'fan', 'rgb', 'warna', 'biru']"
1155,"['ssd', '256gb', 'nih']"
1156,"['16gb', '3200', 'ready', 'ganini', 'powersupply', 'yakcolokan', 'usb', 'blkg', 'gan', 'req', 'game softaware', 'mentah', 'installapa', 'listnythanks']"
1157,"['vga', 'gan', 'rx', '570', 'rencana', 'pasang']"
1158,"['slot', 'm2', 'tambah', 'ssd', 'nvme', 'gan', 'upgrade', 'gpu', 'gan']"
1159,"['vganya', 'onboard', 'iya']"
1160,"['ganti', 'speck']"
1161,"['varian', '256 3200 5502', 'pasang', 'rtx', 'gan']"
1162,"['gan', 'ram', '32', 'harga', 'jdnya']"
1163,"['min', 'tau', 'merk', 'ssd', 'ram']"
1164,"['min', 'pasang', 'cpu', 'cooler', 'rgb']"
1165,"['pasang', 'vga', 'om']"
1166,"['main', 'apex', 'fps']"
1167,"['kak', 'ganti', 'case', 'm-itx', 'custom', 'order', 'jatohnya']"
1168,"['toko', 'offline', 'om', 'insyaallah', 'mampir']"
1169,"['tonton', 'yt', '20', 'tab']"
1170,"['windows', 'aktivin']"
1171,"['ram', 'pakai', 'team', 'ta', 'force', 'delta']"
1172,"['request', 'game', 'new', 'world', 'kak']"
1173,"['fifa', '23']"
1174,"['varian', '16', 'gb', '3200', '', '500w', 'ready', 'gan', 'varian', 'pakai', 'psu']"
1175,"['makan', 'fifa', 'dua']"
1176,"['pakai', '500w', 'pakai', 'psu', 'min']"
1177,"['ready', 'gan', 'gojek']"
1178,"['ssd', '256', 'ram']"
1179,"['kirim', 'dus', 'om']"
1180,"['16g', '2666', 'valorant', 'fps', 'bos']"
1181,"['spek', 'case', 'mini', 'itx', 'seri', 'gan']"
1182,"['gan', 'unit', 'varian', '2666 500w', 'ready']"
1183,"['mas', 'dong', 'item2', '', 'tray']"
1184,"['gojek', 'jaktim', 'om']"
1185,"['processor', 'diupgrade', 'min']"
1186,"['non', 'vga']"
1187,"['watt', 'kak', 'total', 'listrik']"
1188,"['tipe', 'ram', 'ddr4', '5', 'mobonya', 'upgrade', 'ddr', '5']"
1189,"['pc', 'built', 'up', 'game']"
1190,"['ssd', 'only', 'pakai', 'hdd', 'request', 'ssd', '1tb']"
1191,"['speknya', 'sesuai', 'min', 'deskripsi', 'request', 'casenya', 'ganti', 'warna', 'putih', 'tambah', 'duit']"
1192,"['fan', 'casingnya', 'pcs']"
1193,"['pc', 'doang']"
1194,"['monitor', 'ganti', 'monitor', '24gn600', '144hz', 'mouse', 'keyboard', 'om']"
1195,"['min', 'makan', 'f1', 'kuat']"
1196,"['gan', 'intel', 'ganti', 'seri', '10', 'kf', 'vga', 'ganti', 'rtx', '3060', 'ram', '16', 'gb', 'aja', 'ssd', 'nvme', '500gb', 'sata', '1', 'tb', 'psu', 'gold', '850', 'mouse', 'keyboard', 'iya', 'gan']"
1197,"['min', 'processornya', 'ganti', 'ryzen', '7', '3700x', 'tambah', 'wireless', 'monitor']"
1198,"['kakak', 'kirim', 'rumah', '', 'bintaro', 'jakarta', 'selatan']"
1199,"['min', 'ganti', 'amd', 'ryzen', 'monitor']"
1200,"['monitor', 'wifi']"
1201,"['monitor', 'wifi', 'bga', '1660', 'super', 'gan']"
1202,"['upgrade', 'rtx', '2060i', 'rtx', '2060', 'super']"
1203,"['monitor', 'keyboard', 'mouse']"
1204,"['vga', 'ganti', 'rtx', '2060']"
1205,"['malam', 'gan', 'spek', 'ram', '32gb', 'monitor', '27', 'curved', 'gan']"
1206,"['vga', 'ganti', '1660', 'ti', 'gan']"
1207,"['mouse', 'keyboard', 'pakai', 'motherboard', 'b365', 'phantom', 'gaming', 'b365', 'pro', '4']"
1208,"['monitor', 'ganti', 'samsung', 'c27', 'r500', 'fhe', '27', 'hdd', '2', 'tb', 'wireless', 'wifi', 'bluetooth', 'keyboard', 'gaming', 'cougar', 'combo', 'deathfire', 'webcam', 'casing', 'infinity', 'spyder', 'gan']"
1209,"['ready', 'stock', 'kah']"
1210,"['pakai', 'ssd key', 'mouse', 'ram', '32gb', 'hardisk', '2tb', 'total']"
1211,"['monitor', '', 'keyboard', 'mouse', 'wifi', 'wireless']"
1212,"['vganya', 'gtx', '1660', 'super', '6gb', 'monitor']"
1213,"['monitor', 'ganti', '24', 'inci', 'ngab']"
1214,"['gan', 'ram', 'merek', 'ganti', 'speed']"
1215,"['cpu', 'gan']"
1216,"['vga', 'ganti', '8', 'gb']"
1217,"['ready', 'bos']"
1218,"['gan', 'vga', 'ganti', 'nvidia', 'rtx', '1660', 'ti', 'monitor']"
1219,"['ganti', 'nvidia', 'rtx', '', 'monitor', '27']"
1220,"['vga', 'ganti', 'nvidia', 'gtx', '1660', 'ti', '', 'ganti', 'monitor', '27', 'gan']"
1221,"['beda', 'pc', 'rakit', 'i7', 'skylake', 'bang']"
1222,"['monitor', 'ganti', '27', 'curve']"
1223,"['ready', 'gan', 'tuker', 'ram', 'mentok', 'vga', 'tuker', '2080', 'to', 'gan']"
1224,"['bang', 'barang', 'ready', 'vga', 'ganti', 'rtx', '2060', 'motherboard', 'ny', 'z390-a', 'pro', 'ram', 'ny', 'ganti', 'dual', 'channel', '32']"
1225,"['pasang', 'windows', '10', 'pro', 'kah', 'gan']"
1226,"['hai', 'spec', 'ganti', 'monitor', 'seri', 'ultrafine', 'uk', '24', '27', 'iya', 'terima', 'kasih']"
1227,"['sore', 'gan', 'spek', 'ganti', 'rtx', '2060', 'monitor', 'iya']"
1228,"['gan', 'gpu', 'gtx', '1660', 'gtx', '1060', 'spek', 'budget', '13', 'juta']"
1229,['toko']
1230,"['daya', 'listrik', 'rumah', 'minimal', 'pc', 'hidup', 'lancar', 'jaya']"
1231,"['monitor', 'ganti', 'samsung', 'led', 'curve', 'gan']"
1232,"['usb', '3', 'suport', 'iya']"
1233,"['kuat', 'makan', 'forza', 'gam', 'ganti', 'vga', '1660-1070']"
1234,"['1660', 'game', 'iya']"
1235,['monitor']
1236,"['malam', 'bos', 'vga', 'monitor', 'harddisknya', 'up', '4tb']"
1237,"['1', 'intel', 'core', 'i5', '9400f', '29', 'ghz', 'cofeelake', '-', '1151-cfl', '1', 'msi', 'b360', 'gaming', 'plus', '-', '1151-cfl', '1', 'patriot', 'viper', 'rgb', '16gb', '8x2', 'kit', '3000mhz', '1', 'wd', 'blue', '1tb', '35inc', '1', 'ssd', 'colorfull', '240gb', '1', 'msi', 'gtx', '1660', 'ti', 'gaming', '6gb', 'ddr6', '1', 'cougar', 'bronze', '500w', 'vte', '1', 'cube', 'gaming', 'klassis', 'black', '1', 'pc', 'cooler', '3in1', 'rgb', '4', 'pin', '1', 'id', 'cooling', 'auraflow', '240', 'speck', 'butuh', 'budget', 'kak', 'terima', 'kasih']"
1238,"['gtx', '6', 'gb', 'no', 'monitor', 'gan']"
1239,"['1bisa', 'monitor', '2ramnya', '16']"
1240,"['req', 'spec']"
1241,"['siang', 'gan', 'itungin', 'pake', '-mobo', 'msi', 'b360', 'pro', '-vga', 'msi', 'rx', '580', '8gb', 'msi', 'gtx', '1660', 'ventus', 'xs', '6gb', 'monitor', 'key', 'mouse']"
1242,"['ready', 'kakbisa', 'gosend', 'upgrade', 'monitor', '24inch']"
1243,"['gan', 'kontak', 'tanya2']"
1244,"['gan', 'ngituin', 'harga', 'mesennya', 'besok', 'mobonya', 'ganti', 'msi', 'h310m', 'gaming', 'plus', 'vganya', 'ganti', 'msi', 'geforce', 'gtx', '1660', 'ti', 'ventus', 'xs', '6gb', 'oc', 'gddr6']"
1245,"['mobonya', 'msi', 'h310m', 'gaming', 'plus', 'vganya', 'gtx1660ti', '6gb', 'monitor']"
1246,['toko']
1247,"['gan', 'vga', 'ganti', 'gtx', '1070', 'ti']"
1248,"['gambar', 'ganti', '1660ti', 'liquid', 'cooler', 'gan']"
1249,"['power', 'supply', 'gan']"
1250,"['gan', 'hdd', '1', 'tb', 'luar', 'monitor']"
1251,"['gan', '12jt', 'spek', 'kayak', 'foto']"
1252,"['pubg', 'ultra']"
1253,"['plus', 'wireless', 'dvd', 'rw', 'gan']"
1254,"['gan', 'request', '', '1', 'intel', 'core', 'i7-8700', '12m', 'cache', 'up', 'to', '460', 'ghz', 'processor', '-', 'cooler', 'master', 'i30', 'hsf', '2', 'msi', 'geforce', 'gtx', '1070', '8gb', 'ddr5x', '', 'gaming', '2', 'msi', 'b360m', 'gaming', 'plus', 'motherboard', '4', 'team', 'elite', 'ddr4', 'pc19200', '2400mhz', '16gb', '2x8gb', 'ram', '5', 'wd', 'green', 'ssd', '240gb', '6', 'wd', 'blue', '2tb', '7200', 'rpm', 'hdd', '7', 'gamemax', '550w', '80', 'bronze', 'psu', '8', 'case', 'armageddon', 't5x', 'pro', '', '3xfan', '9', 'wifi wirelles', 'include', '10', 'blutut', '11', 'windows', '10', 'pro', 'original', 'total', 'gan', 'jamin', 'susun', 'kabel2', 'jamin', 'rapi', 'kokoh']"
1255,"['gan', 'sing', 'ganti']"
1256,"['gan', 'pc', 'i7', 'spec', 'ram', '16gb', 'lan', 'card', 'dukung', 'dvd', 'room', 'lain2', 'pc', 'kantor', 'jatuh', 'tolong', 'hitung', 'i7', '6700', '7700', 'paut']"
1257,"['game', 'kahh']"
1258,"['kuat', 'game', 'steam', 'survival', 'bellwright', 'min']"
1259,"['live', 'tiktok', 'yutube', 'kak']"
1260,"['kuat', '3d', 'rendering']"
1261,"['ssd', '500', 'tambah']"
1262,"['software', 'gamenya', 'orisinal']"
1263,"['beli', 'pc', 'bos', 'harga']"
1264,"['vga', 'pilih', '1030', 'ready', 'kak']"
1265,"['rdr', '2', 'fps']"
1266,"['kak', 'makan', 'genshin', 'sfek', 'fps']"
1267,"['garansi', '1thn', 'kak']"
1268,"['vganya', 'ganti']"
1269,"['makan', 'minecraft', 'roblox', 'kak']"
1270,"['gan', 'processornya', 'ganti', 'xeon']"
1271,['fullset']
1272,"['instalin', 'game', 'efootbal', 'kak']"
1273,"['instal', 'game', 'game']"
1274,"['vganya', 'pilih']"
1275,"['stok', 'ready', 'bang']"
1276,"['request', 'aplikasi', 'sketchup', 'dam', 'minitab']"
1277,"['min', 'pakai', 'live', 'streaming']"
1278,"['ssd', '256', 'tambah']"
1279,"['1', 'kak', 'vga', 'pilih', '3', '2', 'ssd', 'sata nvme']"
1280,"['memory', 'ssdnya', 'upgrade']"
1281,"['ready', 'kak', 'spek']"
1282,"['rakit', 'min']"
1283,"['edit', 'video', 'kak']"
1284,"['stok', 'ready', 'kak']"
1285,"['lengkap', 'gan', 'maksud', 'install']"
1286,"['kak', 'kalok', 'listrik', 'rumah', '450watt', 'pc', 'nyala', 'kak']"
1287,"['live', 'streaming', 'iya']"
1288,"['permisi', 'kak', 'pc', 'dibpakein', 'monitor', '24inch', 'merek', 'kak']"
1289,"['kak', 'kirim', 'kejogja', 'aman']"
1290,"['kak', 'spek', 'kayak', 'gak spek', 'processor amd', 'ryzen', '5', '3600', 'ram 16gb', 'ddr4', 'vga zotac', 'nvidia', 'rtx', '2060', '6gb', 'vram', 'hdd 1tb', 'ssd 240gb', 'spek', 'kayak', 'kak']"
1291,"['permisi', 'kak', 'makan', 'forza', 'kak']"
1292,"['garansi', 'kak']"
1293,"['ssd', 'merek', 'iya', 'up', '512', 'tambah']"
1294,"['bonus', 'game', 'softwarenya', 'kak']"
1295,"['kak', 'game', 'gratis', '1', '2']"
1296,"['game', 'instalin']"
1297,"['upgrade', 'hdd', '1', 'tb']"
1298,"['google', 'chorme']"
1299,"['game', 'watchdog', '2', 'fps', 'medium', 'setting']"
1300,"['makan', 'valo', 'grafik', 'mid']"
1301,"['kak', 'memorynya', 'ddr4', 'vga', '4gb', 'ddr5', 'kak']"
1302,"['stream', 'game', 'ringan', 'rekomen', 'kak']"
1303,"['vga', 'upgrade', 'slot', 'tambah', 'ram', 'ssd']"
1304,"['chanel', 'youtube', 'video', 'lengkap', 'mampu', 'pc']"
1305,"['monitor', 'merek', 'tambah', 'jne', 'cargo', 'murah']"
1306,"['gan', 'fortnite', 'fps']"
1307,['kredit']
1308,"['order', 'pcnya']"
1309,"['packingnya', 'pakai', 'kak', 'kirim', 'kota']"
1310,"['pes', '2022', 'spek', 'gan']"
1311,"['valorant', 'setinganya', 'min', 'fps']"
1312,"['konek', 'wifi', 'gan']"
1313,"['error', 'ganti', '100', 'garansi', 'slow', 'respon', 'rusa', 'produk']"
1314,"['barang', 'dus', 'garansi']"
1315,"['gan', 'speaker']"
1316,"['makan', 'new', 'world', 'lanjay', 'min']"
1317,"['pcnya', 'ngelag', 'grafik', 'tinggi', 'pakai', 'makan', 'game', 'game']"
1318,"['monitor', 'ganti', 'samsung', '24', 'inc', '', 'kak']"
1319,"['makan', 'genshin', 'impact', 'fps']"
1320,"['toko', 'mana', 'iya', 'gan']"
1321,"['pc', 'aha', 'gan']"
1322,"['kak', 'request', 'vga', 'bisamisalnya', 'request', 'vga', 'gtx', '1650', 'bisabisa', 'cod', 'pulau']"
1323,"['mouse', 'keyboard', 'kak']"
1324,['monitor']
1325,"['game', 'offlinenya', 'tinggal', 'makan']"
1326,"['paket', 'kak']"
1327,"['kak', 'packingnya', 'pakai', 'aman', 'kota']"
1328,"['abang', 'vga', '', 'gt1030', 'pilih', 'salah', 'kah', 'opsi', 'beli', 'ny', 'req']"
1329,"['upgrade', 'ram']"
1330,"['harddisk', '500gb', '', 'ssd', '120gb', 'pilih', 'salah']"
1331,"['ganti', 'samsung', '24', 'inc', 'tambah']"
1332,['garansi']
1333,['cod']
1334,['kredit']
1335,"['kak', 'cod']"
1336,"['req', 'game', 'minimal']"
1337,"['kirim', 'kejakarta', 'aman', 'iya']"
1338,"['bang', 'aplikasi', 'arcgis', 'cocok']"
1339,['bang']
1340,['kirim']
1341,"['halo', 'slot', 'sata']"
1342,"['ram', 'mhz', 'kak']"
1343,"['paket', 'lcd']"
1344,['ready']
1345,"['halo2', 'pilih', 'estimasi', 'tanggal', '17', 'iya']"
1346,"['kak', 'psu', 'merek', 'tau']"
1347,"['ganti', 'cpu', 'i5', '12600k', 'dikit']"
1348,"['1050', 'ti', '4gb', 'ganti', 'rx', '580', '8gb']"
1349,"['i7', 'gen', 'gan']"
1350,"['rakit', 'instalasi', 'lama', 'gan', 'order', 'jam', '9', 'pagi', 'kira', 'kirim', 'jam', 'via', 'gosend']"
1351,['kredit']
1352,"['selamat', 'pagi', 'bos untuk', 'tambah', 'ram', 'storage']"
1353,"['gan', 'pc', 'install', 'game', 'gambar', 'slide']"
1354,"['resolusi', 'monitor']"
1355,"['request', 'case', 'om']"
1356,"['fullset', 'ready', 'gan', 'ram', 'total', '16gb', 'harga', 'total']"
1357,"['gan', 'processor', 'upgrade', 'gen', 'atas']"
1358,"['kak', 'kira', 'kuat', 'main', 'game', 'life', 'after', 'grafik', 'ultra', 'hd', 'bhkan', 'srius', 'nanya']"
1359,"['monitor', 'ganti', '144hz', 'ram', 'up', '16gb', 'kaknambah']"
1360,"['monitor', 'hz', 'kak']"
1361,"['ram', 'up']"
1362,"['live', 'streaming', 'game', 'min']"
1363,"['beli', 'pc', 'monitor']"
1364,"['kak', 'monitor', 'ganti', 'samsung', '49', 'ch9hg90dme', 'qled', 'curve', 'tambah']"
1365,"['budget', '7', 'juta', 'speknya']"
1366,"['gan', 'mother', 'high', 'end', 'biar', 'modif', '2-4', 'tahun', 'request', 'instal', 'game', 'battlefield', 'world', 'war', 'dll']"
1367,"['apex', 'rata', 'kanan', 'min']"
1368,"['ting', 'gan', 'konsumsi', 'watt', 'rendah', 'biar', '500', 'watt']"
1369,"['makan', 'makan', 'game', 'berat', 'live', 'streaming', 'edit', 'video', 'kuat', 'gan']"
1370,"['bang', 'beli', 'cpunya', 'bang']"
1371,"['upgrade', 'able']"
1372,"['game', 'rdr2', '', 'kuat', 'rata', 'tengah kanan']"
1373,"['kartu', 'grafis', 'ganti', 'gtx', '1650', 'ti']"
1374,"['monitor', 'merek', 'gan']"
1375,"['pakai', 'listrik', 'fixnya', 'wat', 'min']"
1376,"['makan', 'pubg', 'stream', 'settingan', 'tinggi']"
1377,"['gan', 'ram', 'ganti', '16gb', 'dual', 'chanel', '3000mhz']"
1378,"['windows', 'ny', '10', 'pro', '64', 'bit']"
1379,"['monitor', 'merek', 'gan', 'curved', 'flat']"
1380,"['kirim', 'palembang', 'aman', 'gan']"
1381,"['rata', 'kanan', 'all', 'game', 'min', 'yt', 'ber', 'nyamau', 'review', 'game']"
1382,"['gan', 'update', 'vga', 'ssd', 'iya']"
1383,"['info', 'konsumsi', 'daya', 'gan']"
1384,"['hdd', '1tb', 'ssd', '256gb', 'min', 'total', 'maaf']"
1385,"['min', 'makan', 'truck', 'simulator', 'mentok', 'kah', 'settingannya']"
1386,"['nanya', 'req', 'game']"
1387,"['gan', 'pakai', 'game', 'microsoft', 'flight', 'simulator', 'frame', 'drop', '', 'fps', 'rata']"
1388,"['min', 'minecraft', 'fps', 'tolong', 'min', 'beli']"
1389,"['min', 'hardisk-', 'ubah', '1tb', 'tambah', 'biaya']"
1390,"['ubah', 'min']"
1391,"['ready', 'gan']"
