kata,tag
forza,B-Game
horizon,E-Game
om,O
sekali,O
install,B-Request
gan,O
pc,B-Device
only,O
sama,O
dalem,O
gan,O
maenin,O
game,B-Game
iya,O
fc,B-Game
call,B-Game
of,I-Game
duty,E-Game
modern,B-GameEpisode
warfare,E-GameEpisode
gan,O
kalau,O
buat,O
pb,B-Game
gta,B-Game
install,B-Request
ets,B-Game
gta,B-Game
roleplay,E-Game
sisa,B-Ketersediaan
kosong,B-Ketersediaan
bang,O
kalau,O
beli,B-Bayar
gamenya,B-Game
ilangin,B-Request
mau,O
ajar,O
download,B-Request
sendiri,O
bang,O
kalau,O
misal,O
tambah,B-Request
hdd,B-Spek
tera,B-SatuanMemory
gan,O
semua,O
komponen,B-Spek
pc,B-Device
orisinal,B-Original
apa,O
gan,O
windows,B-OS
pro,O
original,B-Original
apa,O
monitor,B-Device
nya,O
req,B-Request
hp,B-Merek
sih,O
gan,O
buat,O
gta,B-Game
roplay,E-Game
kuat,B-Performance
gan,O
req,B-Request
game,B-Game
gan,O
toko,B-Toko
asli,B-Original
mana,O
assalamualaikum,O
kak,O
maaf,O
mau,O
tanya,O
kak,O
kalau,O
aku,O
beli,B-Bayar
bayar,B-Bayar
aku,O
cicil,B-Bayar
seumpma,O
aku,O
cicil,B-Bayar
ambil,O
buln,O
kalau,O
seumpm,O
aku,O
punya,O
uang,B-Bayar
terus,O
aku,O
lunasin,B-Bayar
biar,O
sethun,O
apa,O
kalau,O
tegang,B-Spek
rumah,O
cuman,O
kuat,B-Performance
i,B-Spek
bagus,B-Performance
mau,O
beli,B-Bayar
cuman,O
ragu,O
gen,B-Spek
pertama,O
gan,O
proxessornya,B-Spek
gen,B-Spek
berapa,O
gen,B-Spek
sore,O
gan,O
pc,B-Device
nya,O
terima,O
kasih,O
game,B-Game
forza,B-Game
horizon,E-Game
kalau,O
monitor,B-Device
nya,O
ganti,B-Request
curve,B-JenisMonitor
gan,O
kalau,O
ganti,B-Request
gtx,B-Spek
tambah,B-Request
berapa,O
gan,O
mau,O
nanya,O
windows,B-OS
orisinal,B-Original
trial,B-Original
terus,O
request,B-Request
game,B-Game
gan,O
kalau,O
processor,B-Spek
nya,O
ganti,B-Request
ryzen,E-Merek
tambah,B-Request
berapa,O
masuk,B-Ketersediaan
monitor,B-Device
gan,O
kirim,B-Pengiriman
tangsel,B-Tempat
request,B-Request
game,B-Game
maks,O
berapa,O
adobe,B-Software
premier,E-Software
pro,O
after,I-Software
effect,E-Software
lancar,B-Performance
gan,O
pagi,O
mau,O
nanya,O
dong,O
gan,O
barang,O
baru,B-Original
semua,O
ken,O
osnya,B-OS
orisinal,B-Original
office,E-Software
orisinal,B-Original
baja,B-Original
kudu,O
panjang,O
tiap,O
tahun,O
kirim,B-Pengiriman
jakarta,B-Tempat
makasiih,O
gan,O
watnya,B-Spek
berapa,O
iya,O
soal,O
listrik,B-Spek
cuma,O
gan,O
buat,O
main,B-Game
gta,B-Game
roleplay,E-Game
apa,O
enggak,O
cpu,B-Spek
nya,O
gen,B-Spek
berapa,O
bos,O
game,B-Game
request,B-Request
maksimal,O
berapa,O
game,B-Game
main,B-Game
csgo,B-Game
sama,O
valorant,B-Game
kalau,O
ganti,B-Request
ssd,B-Spek
gb,B-SatuanMemory
ram,B-Spek
gb,B-SatuanMemory
berapa,O
gan,O
kalau,O
bayar,B-Bayar
hari,O
kirim,B-Pengiriman
kapan,O
gan,O
cod,B-Pengiriman
gtx,B-Spek
varian,O
sama,O
deskripsi,O
beda,O
masuk,B-Ketersediaan
monitor,B-Device
deskripsi,O
kuat,B-Performance
main,B-Game
fifa,B-Game
sama,O
gow,B-Game
ragnarok,B-GameEpisode
nih,O
min,O
kak,O
main,B-Game
game,B-Game
gta,B-Game
roleplay,E-Game
kak,O
bang,O
mau,O
nanya,O
buat,O
main,B-Game
game,B-Game
genshin,B-game
impact,E-game
kuat,B-Performance
enggak,O
bang,O
soal,O
nya,O
buat,O
ngejoki,O
bang,O
kak,O
varian,O
vga,B-Spek
gb,B-SatuanMemory
gtx,B-Spek
memori,B-Spek
gb,B-SatuanMemory
kira,O
kuat,B-Performance
kak,O
buat,O
main,B-Game
gta,B-Game
v,O
roleplay,E-Game
kalau,O
toko,B-Toko
langsung,O
harga,B-Harga
sama,O
gan,O
kak,O
mau,O
tanya,O
procesor,B-Spek
i,B-Spek
generasi,B-Spek
berapa,O
kak,O
kalau,O
instal,B-Request
game,B-Game
sims,B-Game
kak,O
buat,O
game,B-Game
new,B-Game
world,E-Game
core,B-Spek
i,B-Spek
gen,B-Spek
berapa,O
bang,O
buat,O
main,B-Game
gta,B-Game
online,O
gan,O
kuat,B-Performance
editing,B-Kegiatan
lihat,O
minimal,O
speknya,B-Spek
core,B-Spek
i,B-Spek
pakai,O
kinemaster,B-Software
arti,O
kuat,B-Performance
min,O
kalau,O
buat,O
main,B-Game
valoran,B-Game
sama,O
cod,B-Game
warzone,B-GameEpisode
ready,B-Ketersediaan
kak,O
mau,O
spek,B-Spek
upgrade,B-Request
processor,B-Spek
om,O
kalau,O
speck,B-Spek
begini,O
buat,O
rander,B-Kegiatan
berat,B-Performance
the,O
elder,B-Game
scroll,E-Game
v,O
kuat,B-Performance
rata,B-GamePerformance
kanan,E-GamePerformance
mau,O
redy,B-Ketersediaan
bang,O
slot,O
dvd,B-Spek
gan,O
set,B-FullSet
cpu,B-Spek
keyboard,B-Device
mouse,B-Device
monitor,B-Device
gambar,O
live,B-Kegiatan
streaming,E-Kegiatan
ready,B-Ketersediaan
gan,O
nego,B-Harga
bang,O
geming,B-Game
ff,B-Game
pubg,B-Game
barang,O
ready,B-Ketersediaan
han,O
window,B-OS
orisinal,B-Original
lifetime,B-Original
window,B-OS
crack,B-Original
req,B-Request
game,B-Game
berapa,O
gan,O
i,B-Spek
gen,B-Spek
berapa,O
generasi,B-Spek
core,B-Spek
i,B-Spek
bukan,O
kak,O
kalau,O
pakai,O
live,B-Kegiatan
ome,B-Platform
tv,E-Platform
lancar,B-Performance
bang,O
langsung,O
install,B-Request
genshin,B-game
gan,O
bebas,B-Harga
ongkir,B-Pengiriman
papua,B-Tempat
lwat,O
jalur,B-Pengiriman
udara,B-Pengiriman
kan,O
kalau,O
ganti,B-Request
gtx,B-Spek
ti,E-Spek
gan,O
barang,O
gan,O
ready,B-Ketersediaan
apa,O
sesuai,O
deskripsi,O
gan,O
cpunya,B-Spek
apa,O
ngab,O
instal,B-Request
game,B-Game
naruto,B-Game
strom,O
abang,O
ganti,B-Request
mobo,B-Spek
sama,O
procesor,B-Spek
baru,B-Original
gan,O
gen,B-Spek
main,B-Game
jurassic,B-Game
world,I-Game
evolution,E-Game
kak,O
gambar,O
tiga,O
jual,O
ready,B-Ketersediaan
kak,O
gambar,O
tiga,O
jual,O
benar,O
i,B-Spek
gen,B-Spek
berapa,O
gan,O
kalau,O
vga,B-Spek
nya,O
ganti,B-Request
gtx,B-Spek
ti,E-Spek
gan,O
buat,O
main,B-Game
gta,B-Game
roleplay,E-Game
sama,O
valorant,B-Game
gan,O
install,B-Request
optitex,B-Software
om,O
gan,O
kalau,O
vga,B-Spek
nya,O
ganti,B-Request
gtx,B-Spek
ti,E-Spek
gb,B-SatuanMemory
ddr,B-Spek
second,B-Original
gan,O
apa,O
ganti,B-Request
monitor,B-Device
ssd,B-Spek
gan,O
game,B-Game
nya,O
instal,B-Request
buat,O
editing,B-Kegiatan
video,E-Kegiatan
bagaimana,O
gan,O
rekomendasi,O
pc,B-Device
editing,B-Kegiatan
video,E-Kegiatan
toko,B-Toko
include,O
speaker,B-Device
nya,O
bos,O
halloooo,O
ganti,B-Request
core,B-Spek
i,B-Spek
gan,O
terus,O
harga,B-Harga
berapa,O
vga,B-Spek
nya,O
double,O
vga,B-Spek
ready,B-Ketersediaan
gan,O
kalau,O
pakai,O
paylater,B-Bayar
bri,B-Bayar
ceria,O
kak,O
bayar,B-Bayar
gan,O
cicil,B-Bayar
kalau,O
misal,O
cicil,B-Bayar
nya,O
minimal,O
bayar,B-Bayar
berapa,O
bulan,O
hhe,O
main,B-Game
genshin,B-game
impact,E-game
rata,B-GamePerformance
kanan,E-GamePerformance
bang,O
full,B-FullSet
set,B-FullSet
tinggal,O
pakai,O
live,B-Kegiatan
stream,E-Kegiatan
pubgm,B-Game
ml,B-Game
kalau,O
sama,O
ongkir,B-Pengiriman
jadi,O
berapa,O
assalmmualaikum,O
kak,O
full,B-FullSet
set,B-FullSet
kalau,O
vga,B-Spek
nya,O
gb,B-SatuanMemory
berapa,O
gan,O
gamenya,B-Game
pilih,O
apa,O
buat,O
genshin,B-game
impact,E-game
buat,O
apex,B-Game
legends,E-Game
enggak,O
gan,O
kalau,O
i,B-Spek
nya,O
ganti,B-Request
sama,O
baru,B-Original
jadi,O
berapa,O
gan,O
ganti,B-Request
vga,B-Spek
gtx,B-Spek
gb,B-SatuanMemory
buat,O
main,B-Game
genshin,B-game
impact,E-game
sama,O
live,B-Kegiatan
streaming,E-Kegiatan
game,B-Game
last,B-Game
of,I-Game
us,E-Game
buat,O
design,B-Kegiatan
editing,B-Kegiatan
render,B-Kegiatan
tuh,O
se,O
set,B-FullSet
berapa,O
fps,B-GamePerformance
gan,O
gta,B-Game
nya,O
kuat,B-Performance
buat,O
main,B-Game
rdr,B-Game
admin,O
kalau,O
fps,B-GamePerformance
rata,B-GamePerformance
dota,B-Game
berapa,O
fps,B-GamePerformance
csgo,B-Game
kalau,O
setting,B-performance
max,O
processor,B-Spek
nya,O
upgrade,B-Request
gen,B-Spek
berapa,O
gan,O
bang,O
kirim,B-Pengiriman
pekanbaru,B-Tempat
riau,B-Tempat
aman,O
berapa,O
ongkir,B-Pengiriman
hanupis,O
minimal,O
r,O
vga,B-Spek
nya,O
pakai,O
apa,O
bang,O
main,B-Game
valorant,B-Game
prosesor,B-Spek
nya,O
ganti,B-Request
baru,B-Original
masuk,B-Ketersediaan
i,B-Spek
gen,B-Spek
berapa,O
kak,O
buat,O
gambar,B-Kegiatan
kan,O
mau,O
buat,O
webtoon,B-Platform
pc,B-Device
upgrade,B-Request
gan,O
listrik,B-Spek
nya,O
kena,O
berapa,O
watt,B-Spek
gan,O
embel,B-Kecewa
pc,B-Device
gaming,B-Game
i,B-Spek
generasi,B-Spek
satu,O
wkwkwkkw,O
mau,O
dikadalin,B-Kecewa
sama,O
seller,O
main,B-Game
genshin,B-game
impact,E-game
gan,O
gan,O
buat,O
gta,B-Game
roleplay,E-Game
kuat,B-Performance
grafik,B-Performance
ready,B-Ketersediaan
gan,O
gan,O
kalau,O
ane,O
rencana,O
pakai,O
rtx,B-Spek
vga,B-Spek
nya,O
upgrade,B-Request
sendiri,O
kuat,B-Performance
main,B-Game
genshin,B-game
impact,E-game
sini,O
gan,O
gan,O
kalau,O
ganti,B-Request
i,B-Spek
vga,B-Spek
gb,B-SatuanMemory
berapa,O
total,B-Harga
kira,O
maksimal,O
berapa,O
ghz,B-Satuan
mantabs,B-Puas
lihat,O
spek,B-Spek
barang,O
lawas,O
kondisi,O
masuk,B-Ketersediaan
kategori,O
baru,B-Original
hmm,O
gan,O
processor,B-Spek
nya,O
gen,B-Spek
berapa,O
vga,B-Spek
nya,O
kalau,O
ganti,B-Request
gb,B-SatuanMemory
tambah,B-Request
berapa,O
gan,O
memory,B-Spek
upgrade,B-Request
gan,O
terima,O
kasih,O
play,O
dbd,B-Game
sama,O
war,B-Game
of,I-Game
warcraft,E-Game
lancar,B-Performance
gan,O
berapa,O
hz,B-Satuan
monitor,B-Device
bang,O
barang,O
nya,O
generasi,B-Spek
berapa,O
bang,O
kredit,B-Bayar
gan,O
vga,B-Spek
ganti,B-Request
gb,B-SatuanMemory
jadi,O
berapaa,O
bang,O
hasil,O
score,O
benchmark,B-Performance
berapa,O
slot,O
m,O
gan,O
kira,O
kira,O
token,O
juta,B-Harga
jadi,O
berapa,O
hari,O
bang,O
kalau,O
main,B-Game
game,B-Game
pc,B-Device
hemat,O
listrik,B-Spek
gan,O
jawatimur,O
fungsi,O
error,O
kirim,B-Pengiriman
sesuai,O
deskripsi,O
benar,O
mau,O
order,B-Bayar
kok,O
maju,O
mundur,O
nih,O
ssd,B-Spek
nya,O
ganti,B-Request
tb,B-SatuanMemory
gan,O
buat,O
genshin,B-game
impact,E-game
sama,O
valorant,B-Game
lancar,B-Performance
barang,O
ready,B-Ketersediaan
apa,O
request,B-Request
game,B-Game
gan,O
cyberpunk,B-Game
asasin,O
valhala,O
lancar,B-Performance
gan,O
case,B-Aksesoris
pasang,B-Request
infenion,O
masuk,B-Ketersediaan
game,B-Game
sims,B-Game
game,B-Game
fortnite,B-Game
masuk,B-Ketersediaan
mau,O
nanya,O
windowsnya,O
kalau,O
ku,O
connect,O
internet,O
kedetect,O
palsu,O
apa,O
bagaimana,O
trauma,O
aku,O
pernah,O
vga,B-Spek
ganti,B-Request
ti,E-Spek
tambah,B-Request
berapa,O
kak,O
intel,B-Merek
core,B-Spek
i,B-Spek
kok,O
cuma,O
juta,B-Harga
bang,O
i,B-Spek
gan,O
install,B-Request
game,B-Game
gan,O
i,B-Spek
generasi,B-Spek
berapa,O
ready,B-Ketersediaan
bos,O
mau,O
upgrade,B-Request
vga,B-Spek
gb,B-SatuanMemory
apa,O
ti,E-Spek
tambah,B-Request
berapa,O
hdd,B-Spek
jadi,O
tb,B-SatuanMemory
berapa,O
tks,O
b,O
kalao,O
hardsik,B-Spek
tb,B-SatuanMemory
jadi,O
berapa,O
ready,B-Ketersediaan
bos,O
buat,O
main,B-Game
five,O
m,O
kuat,B-Performance
gan,O
fortnite,B-Game
berapa,O
fps,B-GamePerformance
kakak,O
generasi,B-Spek
prosesor,B-Spek
kirim,B-Pengiriman
keluar,O
kota,B-Tempat
paking,O
kayu,E-Pengiriman
gan,O
sulawesi,O
pc,B-Device
nya,O
anti,O
masuk,B-Ketersediaan
virus,O
kalau,O
misal,O
main,B-Game
game,B-Game
wajib,O
matiin,O
antivirus,O
game,B-Game
nya,O
bantu,O
install,B-Request
core,B-Spek
i,B-Spek
gen,B-Spek
wkwwkkwwkkwkwkw,O
ssd,B-Spek
berapa,O
hdd,B-Spek
berapa,O
ram,B-Spek
berapa,O
vga,B-Spek
display,O
memori,B-Spek
gb,B-SatuanMemory
kalau,O
minecraft,B-Game
rata,B-GamePerformance
kiri,O
sampean,O
berapa,O
coba,O
main,B-Game
tlauncher,O
kak,O
kalau,O
tinggi,B-Performance
otw,O
buy,O
kira,O
kira,O
makan,O
berapa,O
watt,B-Spek
min,O
ram,B-Spek
fifa,B-Game
sama,O
eftbl,O
gan,O
nfs,O
heat,O
valo,B-Game
apex,B-Game
berapa,O
fps,B-GamePerformance
install,B-Request
visio,O
professional,O
projects,O
mau,O
tanya,O
sekian,O
banyak,O
game,B-Game
tawar,O
apa,O
nama,O
game,B-Game
free,O
lisensi,O
permanen,O
bukan,O
crack,B-Original
berapa,O
banyak,O
game,B-Game
diinstal,O
gta,B-Game
roleplay,E-Game
berapa,O
fps,B-GamePerformance
mas,O
gaming,B-Game
streaming,E-Kegiatan
sama,O
editing,B-Kegiatan
tipis,O
rekomen,O
main,B-Game
fivem,O
lancar,B-Performance
min,O
nge,O
fivem,O
lancar,B-Performance
min,O
game,B-Game
albion,O
dragon,O
nest,O
return,O
seting,B-Performance
apa,O
gan,O
kalau,O
tambah,B-Request
ssd,B-Spek
jadi,O
gb,B-SatuanMemory
free,O
berapa,O
game,B-Game
gan,O
kalau,O
main,B-Game
game,B-Game
roblox,B-Game
berat,B-Performance
full,B-FullSet
graphics,O
berapa,O
fps,B-GamePerformance
usah,O
pakai,O
mouse,B-Device
sama,O
keyboard,B-Device
varian,O
monitor,B-Device
curved,B-JenisMonitor
jadi,O
berapa,O
kalau,O
mau,O
beli,B-Bayar
pc,B-Device
upgrade,B-Request
vga,B-Spek
card,E-Spek
apa,O
sedia,O
tambah,B-Request
berapa,O
terima,O
kasih,O
kalau,O
kirim,B-Pengiriman
bekasi,B-Tempat
barat,O
pakai,O
packing,B-Pengiriman
kayu,E-Pengiriman
ram,B-Spek
gb,B-SatuanMemory
min,O
monitor,B-Device
fhd,O
hd,B-Satuan
min,O
foto,O
kan,O
deskripsi,O
benar,O
mana,O
gan,O
kalau,O
ram,B-Spek
nya,O
ganti,B-Request
ddr,B-Spek
sama,O
ssd,B-Spek
nya,O
tera,B-SatuanMemory
tambah,B-Request
berapa,O
gan,O
kalau,O
main,B-Game
game,B-Game
berapa,O
watt,B-Spek
kak,O
kalau,O
bayar,B-Bayar
pakai,O
cicil,B-Bayar
barang,O
nya,O
kirim,B-Pengiriman
langsung,O
tunggu,O
cicilanya,O
lunas,O
serius,O
gan,O
game,B-Game
berat,B-Performance
gan,O
banyak,O
game,B-Game
aaa,O
kok,O
speknya,B-Spek
bawah,O
minimum,O
turut,O
steam,B-Game
buat,O
main,B-Game
gta,B-Game
fps,B-GamePerformance
berapa,O
gan,O
kalau,O
gb,B-SatuanMemory
main,B-Game
req,B-Request
game,B-Game
cod,B-Game
vanguard,O
gan,O
kuat,B-Performance
butuh,O
desain,B-Kegiatan
clip,B-Software
studio,I-Software
paint,E-Software
photoshop,B-Software
buat,O
main,B-Game
fifa,B-Game
buat,O
butuh,O
stream,E-Kegiatan
game,B-Game
kelas,O
minecraft,B-Game
roblox,B-Game
ngoding,O
design,B-Kegiatan
edit,B-Kegiatan
kuat,B-Performance
iya,O
kuat,B-Performance
desain,B-Kegiatan
grafis,E-Kegiatan
video,E-Kegiatan
editing,B-Kegiatan
kak,O
kuat,B-Performance
main,B-Game
cod,B-Game
warzone,B-GameEpisode
kak,O
halo,O
min,O
main,B-Game
apex,B-Game
legend,E-Game
berapa,O
fps,B-GamePerformance
grafik,B-Performance
apa,O
ready,B-Ketersediaan
pc,B-Device
ssd,B-Spek
hdd,B-Spek
upgrade,B-Request
min,O
gan,O
kalau,O
main,B-Game
dota,B-Game
rata,B-GamePerformance
kanan,E-GamePerformance
kuat,B-Performance
mau,O
nany,O
nih,O
gan,O
kalau,O
misal,O
main,B-Game
game,B-Game
red,B-Game
dead,I-Game
redemtion,O
lancar,B-Performance
game,B-Game
online,O
pointblank,O
lancar,B-Performance
jug,O
nanya,O
dulu,O
min,O
soalny,O
tau,O
apa,O
pc,B-Device
hehe,O
main,B-Game
game,B-Game
valhala,O
mas,O
buat,O
main,B-Game
forza,B-Game
horizon,E-Game
kuat,B-Performance
gan,O
maksimal,O
grafik,B-Performance
apa,O
buat,O
stream,E-Kegiatan
ml,B-Game
kuat,B-Performance
kalau,O
mau,O
tambah,B-Request
ups,O
bagaimana,O
cara,O
berapa,O
harga,B-Harga
lancar,B-Performance
main,B-Game
nfs,O
heat,O
min,O
cek,O
inbox,O
now,O
valorant,B-Game
sama,O
genshin,B-game
berapa,O
fps,B-GamePerformance
buat,O
blender,O
kan,O
ram,B-Spek
nya,O
maksimal,O
berapa,O
gb,B-SatuanMemory
min,O
buat,O
live,B-Kegiatan
streaming,E-Kegiatan
game,B-Game
emulator,O
pas,O
pas,O
gan,O
kalau,O
pc,B-Device
fullset,B-FullSet
apa,O
beda,O
fifa,B-Game
lancar,B-Performance
fps,B-GamePerformance
berapa,O
stok,O
ready,B-Ketersediaan
gan,O
gb,B-SatuanMemory
kuat,B-Performance
main,B-Game
apex,B-Game
fullset,B-FullSet
masuk,B-Ketersediaan
kabel,O
bang,O
main,B-Game
csgo,B-Game
gan,O
fps,B-GamePerformance
berapa,O
game,B-Game
offline,O
nya,O
gb,B-SatuanMemory
kuat,B-Performance
buat,O
main,B-Game
resident,B-Game
evil,E-Game
remake,O
min,O
simpan,O
internal,O
berapa,O
kalau,O
buat,O
main,B-Game
gta,B-Game
roleplay,E-Game
kuat,B-Performance
mau,O
tanya,O
kalau,O
hdd,B-Spek
ganti,B-Request
jadi,O
ta,O
min,O
kalau,O
gtx,B-Spek
nya,O
tambah,B-Request
berapa,O
gan,O
sejak,O
kapan,O
pes,B-Game
jadi,O
game,B-Game
berat,B-Performance
min,O
kalau,O
main,B-Game
watch,O
dogs,O
legion,O
min,O
maksimal,O
request,B-Request
game,B-Game
berapa,O
game,B-Game
min,O
tinggal,O
pakai,O
musti,O
instal,B-Request
windows,B-OS
gan,O
pc,B-Device
nya,O
kuat,B-Performance
buat,O
game,B-Game
fifa,B-Game
record,B-Kegiatan
apa,O
buat,O
streaming,E-Kegiatan
main,B-Game
valorant,B-Game
sama,O
fortnite,B-Game
berapa,O
fps,B-GamePerformance
main,B-Game
rdr,B-Game
sama,O
horizon,B-Game
zero,O
berapa,O
fps,B-GamePerformance
min,O
gb,B-SatuanMemory
dota,B-Game
lancar,B-Performance
kak,O
fps,B-GamePerformance
berapa,O
pc,B-Device
kuat,B-Performance
main,B-Game
gensin,B-Game
impact,E-game
kalau,O
iya,O
berapa,O
fps,B-GamePerformance
kak,O
kalau,O
processor,B-Spek
nya,O
ganti,B-Request
jadi,O
i,B-Spek
gen,B-Spek
gen,B-Spek
tambah,B-Request
berapa,O
toko,B-Toko
offline,O
nya,O
req,B-Request
game,B-Game
gta,B-Game
v,O
steam,B-Game
bayar,B-Bayar
bang,O
apa,O
god,B-Game
of,I-Game
war,E-Game
fps,B-GamePerformance
nya,O
berapa,O
slot,O
hdmi,B-Spek
nya,O
berapa,O
gan,O
kalau,O
main,B-Game
forza,B-Game
berapa,O
fps,B-GamePerformance
gan,O
gan,O
support,O
hdmi,B-Spek
kira,O
kira,O
cassingnya,O
casing,B-Aksesoris
nya,O
bukan,O
min,O
main,B-Game
cyber,O
punk,O
bro,O
fps,B-GamePerformance
bang,O
kira,O
kira,O
kalau,O
buat,O
main,B-Game
gta,B-Game
jam,O
berapa,O
wat,B-Spek
kak,O
gan,O
fullset,B-FullSet
gb,B-SatuanMemory
vga,B-Spek
kalau,O
seandainya,O
depan,O
aku,O
mau,O
ganti,B-Request
gan,O
psu,B-Spek
nya,O
sanggup,O
i,B-Spek
gen,B-Spek
berapa,O
bang,O
bang,O
main,B-Game
gta,B-Game
berapa,O
pfs,O
windows,B-OS
gan,O
min,O
paket,B-FullSet
butuh,O
berapa,O
daya,B-Spek
min,O
listrik,B-Spek
rumah,O
watt,B-Spek
maaf,O
min,O
cuma,O
mau,O
tau,O
dulu,O
kalau,O
beli,B-Bayar
satu,O
set,B-FullSet
monitor,B-Device
maaf,O
fullset,B-FullSet
monitor,B-Device
merk,B-Merek
apa,O
gan,O
mau,O
tanya,O
buat,O
streaming,E-Kegiatan
valorant,B-Game
youtube,B-Platform
twitch,O
agan,O
kalau,O
kirim,B-Pengiriman
jaksel,O
pakai,O
gojek,B-Pengiriman
aman,O
gan,O
pc,B-Device
nya,O
rakit,B-Rakit
sendiri,O
rakitin,B-Rakit
sana,O
nya,O
fullset,B-FullSet
sama,O
pc,B-Device
buat,O
main,B-Game
gta,B-Game
v,O
online,O
kuat,B-Performance
kalau,O
pc,B-Device
fullset,B-FullSet
gb,B-SatuanMemory
monitor,B-Device
nya,O
pes,B-Game
cod,B-Pengiriman
min,O
ssd,B-Spek
nya,O
req,B-Request
gb,B-SatuanMemory
ram,B-Spek
gb,B-SatuanMemory
kuat,B-Performance
main,B-Game
gta,B-Game
v,O
kak,O
genshin,B-game
medium,B-Performance
fps,B-GamePerformance
stabil,O
gan,O
buat,O
valorant,B-Game
berapa,O
fps,B-GamePerformance
halo,O
buat,O
main,B-Game
minecraft,B-Game
photoshop,B-Software
corel,E-Software
draw,O
lancar,B-Performance
buat,O
live,B-Kegiatan
streaming,E-Kegiatan
game,B-Game
kuat,B-Performance
bos,O
digunain,O
nox,O
player,O
lancar,B-Performance
gan,O
readry,O
gan,O
pc,B-Device
gaming,B-Game
nya,O
ram,B-Spek
gb,B-SatuanMemory
kalau,O
mau,O
pasang,B-Request
hdd,B-Spek
ta,O
pakai,O
ssd,B-Spek
hybrid,O
buat,O
main,B-Game
point,B-Game
blank,E-Game
grafik,B-Performance
high,B-performance
kak,O
harga,B-Harga
pc,B-Device
berapa,O
kak,O
soal,O
bawah,O
juta,B-Harga
sama,O
juta,B-Harga
pc,B-Device
main,B-Game
ffgak,O
grafik,B-Performance
tinggi,B-Performance
kalau,O
pakai,O
main,B-Game
game,B-Game
berat,B-Performance
kan,O
gan,O
lihat,O
produk,O
pc,B-Device
gaming,B-Game
nya,O
banyak,O
intel,B-Merek
semua,O
pc,B-Device
gaming,B-Game
pakai,O
amd,B-Merek
gan,O
beda,O
pc,B-Device
fullset,B-FullSet
gb,B-SatuanMemory
sama,O
fullset,B-FullSet
gb,B-SatuanMemory
apa,O
buat,O
game,B-Game
city,O
skylines,O
grafik,B-Performance
tinggi,B-Performance
apa,O
lancar,B-Performance
bang,O
buat,O
main,B-Game
cyberpunk,B-Game
buat,O
game,B-Game
vr,O
bang,O
ta,O
o,O
b,O
allah,O
ta,O
b,O
allah,O
n,O
gamenya,B-Game
gratis,B-Harga
bayar,B-Bayar
bang,O
barang,O
min,O
kak,O
kalau,O
game,B-Game
pilih,O
semua,O
pc,B-Device
main,B-Game
dota,B-Game
lancar,B-Performance
grafik,B-Performance
tinggi,B-Performance
buat,O
main,B-Game
gta,B-Game
v,O
online,O
grab,O
bekasi,B-Tempat
kak,O
kabel,O
vga,B-Spek
fullset,B-FullSet
rp,O
alamat,B-Pengiriman
toko,B-Toko
mana,O
gan,O
kalau,O
ngerakit,O
berapa,O
lama,O
gb,B-SatuanMemory
buat,O
main,B-Game
valo,B-Game
sama,O
ghensin,B-Game
ricord,O
min,O
wifii,O
kan,O
gan,O
apa,O
mesti,O
upgrade,B-Request
min,O
kalau,O
tambah,B-Request
internal,O
jadi,O
tb,B-SatuanMemory
game,B-Game
isi,O
banyak,O
wifilink,O
plus,O
bluetooth,O
misi,O
packing,B-Pengiriman
apa,O
cuz,O
layar,O
pc,B-Device
jadi,O
sangat,O
sensitif,O
record,B-Kegiatan
mlbb,O
pubg,B-Game
kuat,B-Performance
gan,O
toko,B-Toko
app,O
sho,O
livestream,B-Kegiatan
bang,O
bang,O
kalau,O
buat,O
live,B-Kegiatan
streaming,E-Kegiatan
efootball,B-Game
kalau,O
ghensin,B-Game
impact,E-game
sama,O
valorant,B-Game
full,B-FullSet
size,O
kakak,O
kuat,B-Performance
kalau,O
pakai,O
buat,O
edit,B-Kegiatan
kak,O
sama,O
game,B-Game
nya,O
kak,O
terus,O
buat,O
edit,B-Kegiatan
kuat,B-Performance
kak,O
kalau,O
mau,O
beli,B-Bayar
pc,B-Device
fullset,B-FullSet
gb,B-SatuanMemory
arti,O
monitor,B-Device
keyboard,B-Device
sama,O
komputer,B-Device
nya,O
kan,O
lengkap,B-FullSet
min,O
kalau,O
buat,O
main,B-Game
game,B-Game
roblox,B-Game
grafik,B-Performance
rata,B-GamePerformance
kanan,E-GamePerformance
no,O
livestream,B-Kegiatan
kuat,B-Performance
min,O
kak,O
mau,O
nanya,O
cara,O
transfer,O
bayar,O
pakai,O
bank,O
bri,B-Bayar
bagaimana,O
kak,O
cara,O
nya,O
ready,B-Ketersediaan
toko,B-Toko
mana,O
kak,O
mau,O
nanya,O
kalau,O
main,B-Game
roblox,B-Game
rata,B-GamePerformance
kanan,E-GamePerformance
record,B-Kegiatan
lancar,B-Performance
kalau,O
aplikasi,B-Software
editing,B-Kegiatan
bayar,B-Bayar
adobe,B-Software
install,B-Request
crack,B-Original
asli,B-Original
main,B-Game
genshin,B-game
impact,E-game
high,B-performance
fps,B-GamePerformance
buat,O
main,B-Game
valorant,B-Game
fps,B-GamePerformance
berapa,O
om,O
semua,O
produk,O
garansi,B-Garansi
jamin,O
crash,O
iya,O
motherboard,B-Spek
perangkat,O
sound,O
card,O
vga,B-Spek
the,O
elder,B-Game
scroll,E-Game
v,O
high,B-performance
kuat,B-Performance
gan,O
game,B-Game
pes,B-Game
setting,B-performance
apa,O
stream,E-Kegiatan
game,B-Game
berat,B-Performance
kuat,B-Performance
gan,O
main,B-Game
minecraft,B-Game
kuat,B-Performance
bang,O
moga,O
beli,B-Bayar
barang,O
aku,O
nabung,O
dulu,O
wkwkkwk,O
request,B-Request
game,B-Game
minecraft,B-Game
the,O
sims,B-Game
lancar,B-Performance
cod,B-Pengiriman
min,O
kalau,O
upgrade,B-Request
ssd,B-Spek
jadi,O
sama,O
hdd,B-Spek
jadi,O
tb,B-SatuanMemory
buat,O
main,B-Game
pb,B-Game
record,B-Kegiatan
lancar,B-Performance
main,B-Game
fortnite,B-Game
apex,B-Game
legend,E-Game
record,B-Kegiatan
kuat,B-Performance
gan,O
record,B-Kegiatan
game,B-Game
live,B-Kegiatan
streaming,E-Kegiatan
game,B-Game
pc,B-Device
beda,O
pc,B-Device
gb,B-SatuanMemory
akesories,O
gb,B-SatuanMemory
fullset,B-FullSet
gb,B-SatuanMemory
mana,O
gan,O
aksesoris,O
apa,O
gen,B-Spek
berapa,O
min,O
kalau,O
pakai,O
monitor,B-Device
inc,B-Satuan
berapa,O
kak,O
buat,O
dota,B-Game
kuat,B-Performance
kak,O
live,B-Kegiatan
streaming,E-Kegiatan
game,B-Game
kalau,O
valorant,B-Game
seting,B-Performance
medium,B-Performance
berapa,O
sama,O
gta,B-Game
seting,B-Performance
medium,B-Performance
berapa,O
bikin,O
windows,B-OS
live,B-Kegiatan
stream,E-Kegiatan
kuat,B-Performance
kak,O
perlu,O
editing,B-Kegiatan
video,E-Kegiatan
premiere,O
after,I-Software
effect,E-Software
bagaimana,O
min,O
vga,B-Spek
nya,O
berapa,O
gan,O
kalau,O
apex,B-Game
kalau,O
order,B-Bayar
langsung,O
instal,B-Request
gamenya,B-Game
kalau,O
main,B-Game
fortnite,B-Game
berapa,O
fps,B-GamePerformance
barang,O
jual,O
toko,B-Toko
rusak,O
diclaim,O
malah,O
tuduh,O
barang,O
dijauhin,O
beli,B-Bayar
payah,O
kecewa,O
berat,B-Performance
kapok,O
beli,B-Bayar
toko,B-Toko
min,O
kalau,O
main,B-Game
gta,B-Game
v,O
roleplay,E-Game
min,O
kalau,O
main,B-Game
valorant,B-Game
seting,B-Performance
rata,B-GamePerformance
kanan,E-GamePerformance
berapa,O
fps,B-GamePerformance
min,O
main,B-Game
genshin,B-game
impact,E-game
setting,B-performance
medium,B-Performance
berapa,O
fps,B-GamePerformance
gan,O
stabil,O
buat,O
main,B-Game
monster,O
hunter,O
world,E-Game
sama,O
berapa,O
fps,B-GamePerformance
genshin,B-game
impact,E-game
berapa,O
fps,B-GamePerformance
min,O
i,B-Spek
gen,B-Spek
harga,B-Harga
nya,O
tetap,O
sama,O
min,O
ram,B-Spek
maupun,O
kalau,O
monitor,B-Device
tambah,B-Request
berapa,O
gan,O
pc,B-Device
gaming,B-Game
monitor,B-Device
full,B-FullSet
set,B-FullSet
gb,B-SatuanMemory
ready,B-Ketersediaan
buat,O
motogp,O
gan,O
kak,O
full,B-FullSet
set,B-FullSet
kak,O
jadi,O
kayak,O
monitor,B-Device
cpu,B-Spek
keyboard,B-Device
mouse,B-Device
mouse,B-Device
pad,O
render,B-Kegiatan
cepat,O
gan,O
terus,O
rakit,B-Rakit
datang,O
lokasi,O
compatible,O
fs,O
gan,O
min,O
buat,O
ets,B-Game
gan,O
kalau,O
pc,B-Device
aksesorisx,O
gan,O
min,O
buat,O
gaming,B-Game
dota,B-Game
min,O
kalau,O
bikin,O
pc,B-Device
monitor,B-Device
min,O
jadi,O
paket,B-FullSet
pc,B-Device
monitor,B-Device
kalok,O
beli,B-Bayar
sini,O
masuk,B-Ketersediaan
peking,O
kayu,E-Pengiriman
min,O
kak,O
main,B-Game
game,B-Game
fifa,B-Game
football,O
life,O
mana,O
speknya,B-Spek
iya,O
terima kasih,O
ready,B-Ketersediaan
kak,O
kirim,B-Pengiriman
hari,O
buka,O
blender,O
min,O
valo,B-Game
fps,B-GamePerformance
berapa,O
kalau,O
buat,O
pubg,B-Game
kuat,B-Performance
halo,O
kak,O
power,B-Spek
supply,E-Spek
bawa,O
garansi,B-Garansi
nya,O
kak,O
hhd,B-Spek
gb,B-SatuanMemory
nya,O
apa,O
upgrade,B-Request
ganti,B-Request
tb,B-SatuanMemory
kalau,O
buat,O
gta,B-Game
v,O
online,O
kuat,B-Performance
kak,O
kalau,O
pc,B-Device
rakit,B-Rakit
kan,O
kak,O
min,O
kalau,O
buat,O
editing,B-Kegiatan
video,E-Kegiatan
design,B-Kegiatan
grafis,E-Kegiatan
lancar,B-Performance
kalau,O
games,O
lifeafter,O
rekomendnya,O
type,O
apa,O
min,O
vga,B-Spek
hd,B-Satuan
buat,O
main,B-Game
valorant,B-Game
v,O
berapa,O
fps,B-GamePerformance
kak,O
main,B-Game
valorant,B-Game
gta,B-Game
v,O
kak,O
support,O
hotspot,B-Spek
hp,B-Merek
kak,O
v,O
vesta,B-Merek
giga,O
grapic,O
intel,B-Merek
hd,B-Satuan
onboard,O
desain,B-Kegiatan
grafis,E-Kegiatan
vga,B-Spek
support,O
berapa,O
monitor,B-Device
free,O
game,B-Game
geforce,B-Spek
upgrade,B-Request
kalau,O
ssd,B-Spek
ram,B-Spek
hdd,B-Spek
custom,O
ganit,O
harga,B-Harga
tambah,B-Request
beda,O
vs,O
vesta,B-Merek
otu,O
mobo,B-Spek
nya,O
size,O
apa,O
gan,O
kalau,O
game,B-Game
rohan,O
ethernal,O
vengeance,O
kira,O
ambil,O
varian,O
gb,B-SatuanMemory
lemot,O
kak,O
kak,O
vs,O
vesta,B-Merek
gb,B-SatuanMemory
aman,O
buat,O
game,B-Game
anak,O
anak,O
pubg,B-Game
ml,B-Game
freefire,O
kak,O
kalau,O
buat,O
main,B-Game
valo,B-Game
medium,B-Performance
standar,O
fps,B-GamePerformance
berapa,O
install,B-Request
game,B-Game
lebih,O
hi,O
kak,O
main,B-Game
csgo,B-Game
valorant,B-Game
ambil,O
variant,O
mana,O
mas,O
genshin,B-game
impact,E-game
mana,O
pc,B-Device
paling,O
keren,O
cs,B-Game
go,E-Game
online,O
dota,B-Game
support,O
nih,O
jamin,O
patah,O
patah,O
halo,O
kakak,O
mau,O
tanya,O
kalau,O
ajak,O
kerja,O
berat,B-Performance
editing,B-Kegiatan
lai,O
kira,O
pc,B-Device
cocok,O
kakak,O
bang,O
instalin,B-Request
game,B-Game
kan,O
soal,O
mau,O
pakai,O
programming,O
kalau,O
buat,O
main,B-Game
cities,O
skylines,O
bagus,B-Performance
mana,O
kak,O
gaming,B-Game
office,E-Software
ganggu,O
lag,O
apa,O
windows,O
nya,O
versi,O
bit,B-SatuanProcessor
mas,O
kalau,O
sekali,O
beli,B-Bayar
upgrade,B-Request
ssd,B-Spek
hdd,B-Spek
tb,B-SatuanMemory
pasang,B-Request
langsung,O
mas,O
kirim,B-Pengiriman
langsung,O
pakai,O
terima,O
kasih,O
mas,O
kalau,O
kirim,B-Pengiriman
semrang,O
rekomen,O
packing,B-Pengiriman
pakai,O
kayu,E-Pengiriman
kak,O
pasang,B-Request
monitor,B-Device
kak,O
i,B-Spek
nya,O
gen,B-Spek
berapa,O
iya,O
pesan,O
atas,O
nama,O
tantia,O
kurniawati,O
mohon,O
hari,O
kirim,B-Pengiriman
urgent,O
thanks,O
min,O
kalau,O
pakai,O
packing,B-Pengiriman
kayu,E-Pengiriman
ongkir,B-Pengiriman
packing,B-Pengiriman
kayu,E-Pengiriman
sama,O
pc,B-Device
nya,O
gabung,O
doang,O
game,B-Game
aga,O
berat,B-Performance
kak,O
kak,O
kalau,O
v,O
vesta,B-Merek
gb,B-SatuanMemory
main,B-Game
genshin,B-game
medium,B-Performance
recording,O
berapa,O
fps,B-GamePerformance
kak,O
kak,O
streaming,E-Kegiatan
main,B-Game
valorant,B-Game
apex,B-Game
kuat,B-Performance
kak,O
beda,O
pc,B-Device
fullset,B-FullSet
pc,B-Device
fullset,B-FullSet
apa,O
kalau,O
tambun,O
bekasi,B-Tempat
pakai,O
bubble,O
wrap,O
vs,O
vesta,B-Merek
fullset,B-FullSet
ready,B-Ketersediaan
gan,O
kirim,B-Pengiriman
jawa,B-Tempat
timur,E-Tempat
pakai,O
packing,B-Pengiriman
kayu,E-Pengiriman
maaf,O
sini,O
mau,O
bantu,O
jual,O
pc,B-Device
vga,B-Spek
hd,B-Satuan
beda,O
apa,O
main,B-Game
minecraft,B-Game
java,O
edition,O
editing,O
kuat,B-Performance
gan,O
halo,O
gan,O
etalase,O
harga,B-Harga
full,B-FullSet
set,B-FullSet
spek,B-Spek
v,O
vesta,B-Merek
ready,B-Ketersediaan
gan,O
min,O
kalau,O
kirim,B-Pengiriman
sulut,O
tambah,B-Request
packing,B-Pengiriman
kayu,E-Pengiriman
terus,O
packing,B-Pengiriman
kayu,E-Pengiriman
berapa,O
buat,O
main,B-Game
gta,B-Game
v,O
kak,O
v,O
vesta,B-Merek
vga,B-Spek
hd,B-Satuan
kalau,O
buat,O
main,B-Game
gensin,B-Game
kak,O
kalau,O
jakarta,B-Tempat
timur,E-Tempat
pakai,O
packing,B-Pengiriman
kayu,E-Pengiriman
aman,O
sakalian,O
instal,B-Request
game,B-Game
nya,O
main,B-Game
rdr,B-Game
kuat,B-Performance
kak,O
monitor,B-Device
kak,O
main,B-Game
game,B-Game
ets,B-Game
gan,O
opsi,O
spek,B-Spek
vesta,B-Merek
gb,B-SatuanMemory
vga,B-Spek
ganti,B-Request
vga,B-Spek
kena,O
berapa,O
halo,O
mau,O
tanya,O
monitor,B-Device
apa,O
iya,O
min,O
cover,O
pc,B-Device
kayak,O
pc,B-Device
kantor,O
warna,B-Aksesoris
i,B-Spek
kayak,O
foto,O
kalau,O
kirim,B-Pengiriman
timor,O
leste,O
kalau,O
aplikasi,B-Software
editng,O
berapa,O
sofware,O
terimah,O
kasih,O
kak,O
pc,B-Device
fullsetnya,O
wifinya,O
buat,O
wow,O
classic,O
rata,B-GamePerformance
kanan,E-GamePerformance
min,O
kirim,B-Pengiriman
papua,B-Tempat
main,B-Game
genshin,B-game
impact,E-game
medium,B-Performance
fps,B-GamePerformance
kuat,B-Performance
kirim,B-Pengiriman
wilayah,O
jawa,B-Tempat
tambah,B-Request
packing,B-Pengiriman
kayu,E-Pengiriman
kalau,O
full,B-FullSet
set,B-FullSet
monitor,B-Device
support,O
kak,O
pc,B-Device
nih,O
kuat,B-Performance
buat,O
main,B-Game
game,B-Game
apa,O
iya,O
gan,O
apa,O
on,O
keyboard,B-Device
mouse,B-Device
jual,O
pisah,O
satu,O
paket,B-FullSet
sama,O
pc,B-Device
nya,O
om,O
kak,O
masuk,B-Ketersediaan
install,B-Request
games,O
pes,B-Game
gta,B-Game
min,O
semua,O
lampu,O
disync,O
pakai,O
app,O
mobo,B-Spek
rtx,B-Spek
gb,B-SatuanMemory
merk,B-Merek
apa,O
sorry,O
mau,O
tanya,O
semua,O
part,O
build,B-FullSet
garansi,B-Garansi
resmi,O
cukup,O
genshin,B-game
kak,O
makan,O
berapa,O
watt,B-Spek
abang,O
pc,B-Device
kalau,O
pakai,O
rtx,B-Spek
gb,B-SatuanMemory
storage,B-Spek
berapa,O
gb,B-SatuanMemory
bro,O
kak,O
kalau,O
varian,O
da,B-Merek
n,O
white,O
casing,B-Aksesoris
spek,B-Spek
nya,O
sama,O
kayak,O
deskripsi,O
kak,O
kalau,O
main,B-Game
game,B-Game
valorant,B-Game
fps,B-GamePerformance
nya,O
stabil,O
berapa,O
kalau,O
ssd,B-Spek
up,B-Request
gb,B-SatuanMemory
terus,O
mobo,B-Spek
nya,O
ganti,B-Request
b,O
m,O
jadi,O
berapa,O
gan,O
gan,O
kalau,O
ssd,B-Spek
up,B-Request
tambah,B-Request
berapa,O
gamenya,B-Game
pilih,O
dilist,O
pilih,O
sendiri,O
lancar,B-Performance
lumion,B-Software
gan,O
vga,B-Spek
berapa,O
gan,O
kalau,O
varian,O
rtx,B-Spek
gb,B-SatuanMemory
cooler,B-Device
nya,O
ganti,B-Request
jonsbo,O
cara,O
jadi,O
berapa,O
total,B-Harga
benar,O
gin,O
rp,O
pakai,O
ti,E-Spek
kalau,O
vga,B-Spek
nya,O
ganti,B-Request
rtx,B-Spek
ti,E-Spek
jadi,O
berapa,O
gan,O
punya,O
stok,O
monitor,B-Device
sama,O
keyboard,B-Device
mouse,B-Device
nya,O
gan,O
kalau,O
vga,B-Spek
nya,O
ganti,B-Request
jadi,O
berapa,O
gan,O
sama,O
merk,B-Merek
apa,O
vga,B-Spek
nya,O
kalau,O
datang,O
toko,B-Toko
fisik,O
langsung,O
rakitin,B-Rakit
maaf,O
gan,O
iyeu,O
compatible,O
win,O
kan,O
halo,O
min,O
spesifikasi,O
stabil,O
listrik,B-Spek
daya,B-Spek
watt,B-Spek
kok,O
muraaah,O
anjir,O
keren,O
merek,B-Merek
vga,B-Spek
rtx,B-Spek
nya,O
pakai,O
merk,B-Merek
apa,O
mas,O
all,O
komponen,B-Spek
baru,B-Original
gan,O
review,O
benchmark,B-Performance
nya,O
power,B-Spek
supply,E-Spek
nya,O
berapa,O
watt,B-Spek
gan,O
gan,O
kalau,O
vga,B-Spek
ssd,B-Spek
ganti,B-Request
jadi,O
tb,B-SatuanMemory
ram,B-Spek
nya,O
upgrade,B-Request
sendiri,O
gan,O
min,O
kalau,O
ganti,B-Request
corenya,O
i,B-Spek
berapa,O
gan,O
konoonen,O
ikut,O
ganti,B-Request
hdd,B-Spek
nya,O
ganti,B-Request
jadi,O
ssd,B-Spek
vga,B-Spek
rtx,B-Spek
gb,B-SatuanMemory
ddr,B-Spek
jadi,O
berabapa,O
total,B-Harga
kalau,O
ganti,B-Request
ssd,B-Spek
tambah,B-Request
berapa,O
berapa,O
core,B-Spek
nya,O
kalau,O
ganti,B-Request
core,B-Spek
i,B-Spek
tambah,B-Request
berapa,O
gan,O
ganti,B-Request
ssd,B-Spek
sandisk,O
hdd,B-Spek
tb,B-SatuanMemory
fan,B-Device
warna,B-Aksesoris
putih,O
ganti,B-Request
mobo,B-Spek
b,O
jadi,O
berapa,O
gan,O
apa,O
beda,O
varian,O
promo,O
kak,O
buat,O
game,B-Game
football,O
iya,O
fc,B-Game
halo,O
kak,O
tas,O
kak,O
mending,O
beli,B-Bayar
storage,B-Spek
beli,B-Bayar
storage,B-Spek
upgrade,B-Request
ssd,B-Spek
tb,B-SatuanMemory
apa,O
beli,B-Bayar
pakai,O
mmc,O
tb,B-SatuanMemory
maaf,O
kuat,B-Performance
buat,O
game,B-Game
kelas,O
new,B-Game
world,O
lost,O
ark,O
sih,O
bang,O
pasuk,O
versi,O
oled,O
baru,B-Original
announcement,O
main,B-Game
game,B-Game
connect,O
layar,O
proyektor,O
tv,O
pernah,O
kirim,B-Pengiriman
luar,O
kota,B-Tempat
antar,O
pulau,B-Tempat
selamat,O
kak,O
gb,B-SatuanMemory
ready,B-Ketersediaan
varian,O
gb,B-SatuanMemory
anti,O
glare,O
kan,O
layar,O
storage,B-Spek
tambah,B-Request
ssd,B-Spek
nvme,B-Spek
microsd,O
varian,O
gb,B-SatuanMemory
kapan,O
stok,O
gan,O
kak,O
instalin,B-Request
windows,B-OS
reaxy,O
kak,O
beda,O
steam,B-Game
deck,O
sama,O
apa,O
nya,O
kak,O
gb,B-SatuanMemory
emmc,O
nvme,B-Spek
mksdnya,O
mana,O
kak,O
bingung,O
soal,O
mau,O
ambe,O
mana,O
tq,O
kalau,O
tuker,O
tambah,B-Request
sama,O
apa,O
kalau,O
masa,O
garansi,B-Garansi
valve,B-Game
rusa,O
claim,O
garansi,B-Garansi
bantu,O
halo,O
min,O
mau,O
tanya,O
garansi,B-Garansi
hari,O
srvice,O
ganti,B-Request
baru,B-Original
min,O
kalau,O
buat,O
game,B-Game
nya,O
beli,B-Bayar
disteam,O
didownload,O
diplatstore,O
cpu,B-Spek
fannya,O
delta,O
pakai,O
huaying,O
punya,O
cek,O
main,B-Game
gta,B-Game
roleplay,E-Game
pakai,O
micro,O
sd,B-Spek
ssd,B-Spek
variant,O
gb,B-SatuanMemory
benar,O
carrying,O
case,B-Aksesoris
cuma,O
garansi,B-Garansi
toko,B-Toko
hari,O
kalau,O
barang,O
cacat,O
tukar,O
lama,O
vidio,O
unboxing,O
sesuai,O
official,O
gan,O
anti,O
glare,O
screen,O
unique,O
carrying,O
case,B-Aksesoris
garansi,B-Garansi
bagaimana,O
gan,O
main,B-Game
rdr,B-Game
kak,O
mau,O
tuker,O
tambah,B-Request
bagaimana,O
cara,O
nya,O
gan,O
pilih,O
warna,B-Aksesoris
buat,O
internal,O
upgrade,B-Request
sendiri,O
sih,O
resmi,O
kirim,B-Pengiriman
jakarta,B-Tempat
timur,E-Tempat
hari,O
nyampe,O
kak,O
resmi,O
gb,B-SatuanMemory
ready,B-Ketersediaan
gan,O
varian,O
emmc,O
upgrade,B-Request
ssd,B-Spek
official,O
valve,B-Game
min,O
support,O
sd,B-Spek
card,E-Spek
berapa,O
gb,B-SatuanMemory
gan,O
official,O
valve,B-Game
reseller,O
gan,O
gb,B-SatuanMemory
ready,B-Ketersediaan
gb,B-SatuanMemory
ready,B-Ketersediaan
stok,O
kapan,O
psp,O
gan,O
kalau,O
main,B-Game
game,B-Game
pakai,O
wifi,B-Spek
mas,O
varian,O
upgrade,B-Request
jadi,O
pakai,O
ssd,B-Spek
min,O
ready,B-Ketersediaan
langsung,O
kirim,B-Pengiriman
gosend,B-Pengiriman
hari,O
toko,B-Toko
offline,O
nya,O
pakai,O
ssd,B-Spek
mas,O
kak,O
misal,O
beli,B-Bayar
lalu,O
minta,B-Request
ganti,B-Request
windows,B-OS
kak,O
beli,B-Bayar
gb,B-SatuanMemory
masuk,B-Ketersediaan
fastest,O
storage,B-Spek
premium,O
anti,O
glare,O
etched,O
glass,O
exclusive,O
carrying,O
case,B-Aksesoris
exclusive,O
steam,B-Game
community,O
profile,O
bundle,O
exclusive,O
virtual,O
keyboard,B-Device
theme,O
game,B-Game
nya,O
bawa,O
berapa,O
terus,O
minta,B-Request
tambah,B-Request
game,B-Game
kalau,O
perlu,O
bagaimana,O
klaim,O
garansi,B-Garansi
steam,B-Game
valve,B-Game
nya,O
valve,B-Game
support,O
indonesia,O
bukti,O
official,O
valve,B-Game
reseller,O
nya,O
apa,O
min,O
garansi,B-Garansi
nya,O
osnya,B-OS
windows,B-OS
full,B-FullSet
white,O
min,O
langsung,O
kasih,O
mouse,B-Device
sama,O
keyboard,B-Device
min,O
ram,B-Spek
upgrade,B-Request
jadi,O
kali,O
sdag,O
kabel,O
buat,O
main,B-Game
gtarp,O
bagus,B-Performance
banget,O
arti,O
intel,B-Merek
gen,B-Spek
berapa,O
gan,O
ganti,B-Request
part,O
pc,B-Device
upgrade,B-Request
chasis,O
ram,B-Spek
storage,B-Spek
gan,O
port,O
hdmi,B-Spek
nya,O
kalau,O
edit,B-Kegiatan
video,E-Kegiatan
pes,B-Game
terinstal,O
kak,O
cocok,O
live,B-Kegiatan
streaming,E-Kegiatan
game,B-Game
kak,O
kak,O
pc,B-Device
nya,O
monitor,B-Device
mous,B-Device
kibort,O
kak,O
kalok,O
buat,O
main,B-Game
gta,B-Game
v,O
roleplay,E-Game
grafik,B-Performance
high,B-performance
berapa,O
fps,B-GamePerformance
gan,O
kalau,O
monitor,B-Device
nya,O
ganti,B-Request
samsung,B-Merek
curve,B-JenisMonitor
tambah,B-Request
berapa,O
buat,O
game,B-Game
god,B-Game
of,I-Game
war,E-Game
series,O
aman,O
masuk,B-Ketersediaan
ragnarok,B-GameEpisode
kak,O
simpan,O
ram,B-Spek
berapa,O
hardisk,B-Spek
nya,O
berapa,O
kak,O
pakai,O
hardisk,B-Spek
tb,B-SatuanMemory
apa,O
bukan,O
kak,O
buat,O
main,B-Game
rdr,B-Game
ngepris,O
kak,O
kalau,O
buat,O
main,B-Game
gema,O
rdr,B-Game
memang,O
nya,O
macet,O
ngepris,O
genshin,B-game
setting,B-performance
apa,O
kak,O
kalau,O
vga,B-Spek
ganti,B-Request
gtx,B-Spek
sama,O
monitor,B-Device
curve,B-JenisMonitor
jadi,O
berapa,O
keyboard,B-Device
mouse,B-Device
speaker,B-Device
kuat,B-Performance
gensin,B-Game
kak,O
seting,B-Performance
medium,B-Performance
live,B-Kegiatan
buat,O
dota,B-Game
bang,O
garansi,B-Garansi
tahun,O
kak,O
kalau,O
beli,B-Bayar
fullset,B-FullSet
sama,O
monitor,B-Device
terus,O
keyboard,B-Device
sama,O
mous,B-Device
kak,O
permisi,O
kak,O
kalau,O
buat,O
main,B-Game
forza,B-Game
kak,O
prosesorny,O
gen,B-Spek
berapa,O
buat,O
red,B-Game
dead,I-Game
redemption,E-Game
kalau,O
palembang,B-Tempat
berapa,O
lama,O
kakak,O
gtav,O
nya,O
offline,O
lengkap,B-FullSet
sama,O
monitor,B-Device
key,O
mouse,B-Device
muat,O
berapa,O
game,B-Game
kak,O
kalau,O
mau,O
request,B-Request
game,B-Game
tambah,B-Request
kak,O
game,B-Game
roblox,B-Game
minicraft,O
sama,O
among,O
us,E-Game
kak,O
terus,O
record,B-Kegiatan
video,E-Kegiatan
main,B-Game
pes,B-Game
garansi,B-Garansi
berapa,O
tahun,O
buat,O
editor,O
video,E-Kegiatan
full,B-FullSet
mas,O
min,O
main,B-Game
valorant,B-Game
record,B-Kegiatan
obs,B-Software
main,B-Game
fifa,B-Game
sama,O
monitor,B-Device
kakak,O
ukur,O
pc,B-Device
nya,O
berapa,O
kakak,O
besar,O
jet,O
porci,O
i,B-Spek
jaman,O
tahun,O
jebod,O
v,O
kuat,B-Performance
valo,B-Game
sama,O
fortnite,B-Game
gan,O
uhhh,O
is,O
dhis,O
aku,O
fb,O
sama,O
sir,O
fps,B-GamePerformance
nya,O
berapa,O
kak,O
buat,O
streaming,E-Kegiatan
pakai,O
obs,B-Software
sama,O
kuat,B-Performance
buat,O
main,B-Game
game,B-Game
berat,B-Performance
kira,O
kira,O
berapa,O
hari,O
kak,O
kuat,B-Performance
main,B-Game
genshin,B-game
kak,O
kak,O
main,B-Game
v,O
roleplay,E-Game
kuat,B-Performance
kalau,O
buat,O
live,B-Kegiatan
streamingan,O
game,B-Game
pakai,O
obs,B-Software
kuat,B-Performance
saran,O
install,B-Request
pes,B-Game
baru,B-Original
sisa,B-Ketersediaan
satu,O
iya,O
min,O
buat,O
aku,O
i,B-Spek
generasi,B-Spek
berapa,O
vga,B-Spek
gb,B-SatuanMemory
ram,B-Spek
hd,B-Satuan
ssd,B-Spek
berapa,O
gb,B-SatuanMemory
kak,O
engak,O
barang,O
nya,O
tinggal,O
berapa,O
kak,O
kak,O
aku,O
mau,O
beli,B-Bayar
engak,O
habis,O
live,B-Kegiatan
streaming,E-Kegiatan
yt,B-Platform
min,O
ram,B-Spek
nya,O
ddr,B-Spek
berapa,O
simpan,O
dulu,O
kak,O
pc,B-Device
satu,O
oke,O
fhotonya,O
lebih,O
detail,O
kak,O
bang,O
jual,O
laku,O
pc,B-Device
nya,O
sekarang,O
genshin,B-game
impact,E-game
kuat,B-Performance
gan,O
windows,B-OS
kan,O
vga,B-Spek
nya,O
apa,O
berapa,O
bit,B-SatuanProcessor
halo,O
kak,O
mau,O
nanya,O
include,O
monitor,B-Device
fifa,B-Game
kuat,B-Performance
gan,O
psunya,O
merk,B-Merek
apa,O
gan,O
kalau,O
editing,B-Kegiatan
render,B-Kegiatan
video,E-Kegiatan
lancar,B-Performance
request,B-Request
pakai,O
casing,B-Aksesoris
hose,O
mini,O
cruzzer,O
min,O
tambah,B-Request
install,B-Request
black,B-Game
desert,I-Game
online,E-Game
tambah,B-Request
berapa,O
gan,O
main,B-Game
cyberpunk,B-Game
kak,O
main,B-Game
game,B-Game
sekiro,O
sama,O
alden,O
ring,O
kalau,O
kirim,B-Pengiriman
aceh,O
aman,O
min,O
mau,O
buat,O
gaming,B-Game
center,O
perlu,O
pc,B-Device
minta,B-Request
tawar,O
harga,B-Harga
speknya,B-Spek
kalau,O
include,O
gaming,B-Game
asesorisnya,O
ddan,O
monitor,B-Device
kalau,O
pakai,O
mouse,B-Device
keyboard,B-Device
speker,O
jadi,O
berapa,O
windows,B-OS
berapa,O
gan,O
kalau,O
tambah,B-Request
aplikasi,B-Software
autocad,O
lumion,B-Software
vray,O
sketchup,B-Software
gan,O
game,B-Game
roblox,B-Game
gan,O
kalau,O
request,B-Request
pakai,O
casing,B-Aksesoris
lian,O
li,O
tambah,B-Request
main,B-Game
hogward,B-Game
legacy,E-Game
lancar,B-Performance
min,O
kalau,O
buat,O
main,B-Game
gta,B-Game
roleplay,E-Game
min,O
tambah,B-Request
ram,B-Spek
jadi,O
kak,O
kalau,O
ram,B-Spek
ganti,B-Request
ram,B-Spek
mhz,O
tambah,B-Request
berapa,O
kak,O
kalau,O
beli,B-Bayar
pc,B-Device
ny,O
doang,O
nginstal,O
ulang,O
kak,O
cpu,B-Spek
cooler,B-Device
merek,B-Merek
apa,O
min,O
kak,O
kira,O
kira,O
main,B-Game
squad,O
setting,B-performance
medium,B-Performance
kuat,B-Performance
berapa,O
fps,B-GamePerformance
siap,O
pakai,O
kalau,O
buat,O
gta,B-Game
v,O
roleplay,E-Game
screen,O
recoarding,O
lancar,B-Performance
gan,O
apa,O
perlu,O
upgrade,B-Request
monitor,B-Device
inc,B-Satuan
pc,B-Device
full,B-FullSet
set,B-FullSet
harga,B-Harga
merk,B-Merek
apa,O
gan,O
streaming,E-Kegiatan
game,B-Game
ringan,B-Performance
kuat,B-Performance
gan,O
kak,O
ssd,B-Spek
nya,O
ganti,B-Request
gb,B-SatuanMemory
tambah,B-Request
vga,B-Spek
eksternal,O
min,O
asus,B-Merek
tuf,B-Merek
gaming,B-Game
b,O
m,O
pro,O
amd,B-Merek
ryzen,E-Merek
ssd,B-Spek
m,O
nvme,B-Spek
gb,B-SatuanMemory
rx,B-Spek
ram,B-Spek
gb,B-SatuanMemory
kali,O
mhz,O
kingston,O
fury,O
beast,O
delta,O
tforce,O
tuf,B-Merek
gaming,B-Game
psu,B-Spek
be,O
quite,O
casing,B-Aksesoris
cube,O
gaming,B-Game
sih,O
min,O
kalau,O
mau,O
tambah,B-Request
rx,B-Spek
gb,B-SatuanMemory
perlu,O
ganti,B-Request
psu,B-Spek
engak,O
main,B-Game
minecarft,O
hdd,B-Spek
iya,O
min,O
terus,O
spek,B-Spek
monitor,B-Device
bagaimana,O
toko,B-Toko
offline,O
nya,O
mana,O
kak,O
betul,O
jakarta,B-Tempat
utara,O
mau,O
beli,B-Bayar
kak,O
kalau,O
main,B-Game
roblox,B-Game
chit,O
kak,O
min,O
kalau,O
vga,B-Spek
nya,O
ganti,B-Request
rx,B-Spek
xt,O
custom,O
lainnta,O
kak,O
main,B-Game
gta,B-Game
rp,O
kak,O
grafik,B-Performance
gta,B-Game
rp,O
nya,O
high,B-performance
semua,O
berapa,O
fps,B-GamePerformance
kak,O
kalau,O
high,B-performance
semua,O
grafik,B-Performance
nya,O
gta,B-Game
rp,O
main,B-Game
pb,B-Game
kak,O
kuat,B-Performance
download,B-Request
berspa,O
game,B-Game
support,O
pb,B-Game
rata,B-GamePerformance
kanan,E-GamePerformance
kak,O
halo,O
kak,O
buat,O
main,B-Game
atlantica,O
online,O
main,B-Game
ride,O
efootball,B-Game
kak,O
kak,O
pc,B-Device
buat,O
main,B-Game
gta,B-Game
v,O
ukur,O
gb,B-SatuanMemory
kak,O
kira,O
kak,O
apa,O
office,O
excel,O
point,B-Software
gan,O
ets,B-Game
nya,O
versi,O
rap,O
kak,O
power,B-Spek
supply,E-Spek
nya,O
berapa,O
kak,O
support,O
valo,B-Game
gta,O
genshin,O
min,O
request,B-Request
ssd,B-Spek
gb,B-SatuanMemory
kak,O
main,B-Game
gta,B-Game
kak,O
permisi,O
kak,O
kuat,B-Performance
main,B-Game
outlast,O
sama,O
gta,B-Game
terima,O
kasih,O
kak,O
ready,B-Ketersediaan
fullset,B-FullSet
curve,O
merk,B-Merek
monitor,B-Device
apa,O
berapa,O
inch,B-Satuan
min,O
os,O
sama,O
software,B-Software
nya,O
crack,B-Original
full,B-FullSet
set,B-FullSet
monitor,B-Device
merek,B-Merek
apa,O
full,B-FullSet
set,B-FullSet
full,B-FullSet
set,B-FullSet
curved,B-JenisMonitor
beda,O
apa,O
kak,O
min,O
ready,B-Ketersediaan
pc,B-Device
full,B-FullSet
set,B-FullSet
ssd,B-Spek
up,B-Request
gb,B-SatuanMemory
kena,O
biaya,B-Harga
berapa,O
min,O
perlu,O
install,B-Request
game,B-Game
mau,O
fokusin,O
kontent,O
kreator,O
render,B-Kegiatan
v,O
ray,O
sketchup,B-Software
cepat,O
lancar,B-Performance
jaya,O
minimal,O
spek,B-Spek
bagaimana,O
gan,O
min,O
mau,O
nanya,O
pc,B-Device
kalau,O
mau,O
main,B-Game
genshin,B-game
rata,B-GamePerformance
kanan,E-GamePerformance
kira,O
lancar,B-Performance
enggak,O
iya,O
kalau,O
pesan,O
sekarang,O
kirim,B-Pengiriman
kapan,O
main,B-Game
gta,B-Game
role,O
play,O
minta,B-Request
download,B-Request
aplikasi,B-Software
file,O
link,O
cloud,O
kirim,B-Pengiriman
aplikasi,B-Software
tiap,O
download,B-Request
bayar,B-Bayar
sedang,O
punya,O
laptop,O
cloud,O
work,O
gan,O
main,B-Game
beamng,O
drive,O
ennga,O
core,B-Spek
i,B-Spek
min,O
gan,O
kuat,B-Performance
video,E-Kegiatan
editing,B-Kegiatan
world,B-Game
war,E-Game
lancar,B-Performance
merk,B-Merek
mbak,O
vga,B-Spek
apa,O
gan,O
kalau,O
ssd,B-Spek
hdd,B-Spek
tb,B-SatuanMemory
berapa,O
game,B-Game
bus,O
simulator,E-Game
kuat,B-Performance
streaming,E-Kegiatan
main,B-Game
battlefield,B-Game
support,O
kak,O
bang,O
kalau,O
sama,O
stick,O
tambah,B-Request
berapa,O
mas,O
mau,O
tanya,O
misal,O
ssd,B-Spek
ganti,B-Request
gb,B-SatuanMemory
tb,B-SatuanMemory
ngaruh,O
iya,O
mas,O
saran,O
mas,O
ganti,B-Request
ssd,B-Spek
nya,O
mana,O
pas,O
sama,O
sasd,O
apa,O
om,O
generasi,B-Spek
kebrapa,O
min,O
pas,O
kirim,B-Pengiriman
full,B-FullSet
rakit,B-Rakit
sana,O
kirim,B-Pengiriman
per,O
part,O
streaming,E-Kegiatan
pc,B-Device
fullset,B-FullSet
up,B-Request
min,O
kalau,O
mau,O
up,B-Request
ssd,B-Spek
gb,B-SatuanMemory
kena,O
berapa,O
min,O
terus,O
kalau,O
mau,O
tambah,B-Request
hdd,B-Spek
tb,B-SatuanMemory
kena,O
berapa,O
min,O
nyambung,O
wifi,B-Spek
gan,O
ssd,B-Spek
sama,O
hdd,B-Spek
cuman,O
ssd,B-Spek
ram,B-Spek
nya,O
kali,O
gan,O
gan,O
pc,B-Device
full,B-FullSet
set,B-FullSet
sama,O
monitor,B-Device
sama,O
monitor,B-Device
berapa,O
inci,O
abang,O
suport,O
gan,O
harga,B-Harga
baru,B-Original
iya,O
gan,O
min,O
kalau,O
pc,B-Device
monitor,B-Device
kena,O
berapa,O
kalau,O
ssd,B-Spek
up,B-Request
to,O
sama,O
hdd,B-Spek
up,B-Request
to,O
tb,B-SatuanMemory
kena,O
berapa,O
desain,B-Kegiatan
editing,B-Kegiatan
om,O
rdr,B-Game
kuat,B-Performance
berapa,O
fps,B-GamePerformance
gan,O
gan,O
kalau,O
mau,O
ganti,B-Request
pakai,O
lga,O
i,B-Spek
mouse,B-Device
keyboarnya,O
wireless,O
terus,O
ssd,B-Spek
nvme,B-Spek
tambah,B-Request
berapa,O
min,O
request,B-Request
gamenya,B-Game
gratis,B-Harga
beli,B-Bayar
min,O
rakit,B-Rakit
pc,B-Device
mouse,B-Device
keyboard,B-Device
wireless,O
usb,B-Spek
min,O
ssd,B-Spek
tambah,B-Request
jadi,O
gban,O
cooler,B-Device
fannya,O
apa,O
kak,O
merknya,O
kencang,O
ssd,B-Spek
merk,B-Merek
apa,O
sama,O
vga,B-Spek
nya,O
merk,B-Merek
apa,O
ram,B-Spek
sama,O
monitor,B-Device
nya,O
merek,B-Merek
apa,O
min,O
min,O
kalau,O
monitor,B-Device
up,B-Request
to,O
hz,B-Satuan
ssd,B-Spek
gb,B-SatuanMemory
hdd,B-Spek
tb,B-SatuanMemory
total,B-Harga
tambah,B-Request
berapa,O
casing,B-Aksesoris
merek,B-Merek
nya,O
apa,O
gan,O
min,O
request,B-Request
monitor,B-Device
inch,B-Satuan
hz,B-Satuan
sama,O
hardisknya,B-Spek
dgnti,O
jadi,O
ssd,B-Spek
gb,B-SatuanMemory
min,O
min,O
game,B-Game
nya,O
muat,O
berapa,O
gan,O
kalau,O
ssd,B-Spek
upgrade,B-Request
je,O
gb,B-SatuanMemory
terus,O
pakai,O
hdd,B-Spek
jadi,O
berapa,O
gan,O
merk,B-Merek
psu,B-Spek
sama,O
ram,B-Spek
berapa,O
keping,O
gan,O
gtx,B-Spek
nya,O
super,O
tambah,B-Request
berapa,O
sama,O
ssd,B-Spek
gb,B-SatuanMemory
assalamualaikum,O
bang,O
casing,B-Aksesoris
pc,B-Device
warna,B-Aksesoris
putih,O
min,O
mau,O
tanya,O
kalau,O
ssd,B-Spek
harddisk,B-Spek
nya,O
up,B-Request
tb,B-SatuanMemory
terus,O
monitor,B-Device
up,B-Request
hz,O
min,O
kalau,O
tambah,B-Request
berapa,O
min,O
kira,O
kira,O
main,B-Game
red,B-Game
dead,I-Game
redemption,E-Game
ngangkat,O
gan,O
gan,O
monitor,B-Device
ganti,B-Request
hz,B-Satuan
kalau,O
tambah,B-Request
berapa,O
harga,B-Harga
min,O
game,B-Game
nya,O
pilih,O
semua,O
bebrapa,O
gan,O
mau,O
nanya,O
kalau,O
hdd,B-Spek
nya,O
ganti,B-Request
tb,B-SatuanMemory
sama,O
monitor,B-Device
kalau,O
keyboard,B-Device
sama,O
mouse,B-Device
sih,O
terlalu,O
soal,O
ready,B-Ketersediaan
gan,O
juta,B-Harga
an,O
full,B-FullSet
set,B-FullSet
min,O
ram,B-Spek
nya,O
merk,B-Merek
apa,O
iya,O
gan,O
min,O
kalau,O
ssd,B-Spek
tambah,B-Request
berapa,O
min,O
pakai,O
powersupply,B-Spek
apa,O
gan,O
kalau,O
vga,B-Spek
ganti,B-Request
rtx,B-Spek
ssd,B-Spek
gb,B-SatuanMemory
jadi,O
berapa,O
gan,O
sekarang,O
valorant,B-Game
berapa,O
fps,B-GamePerformance
gan,O
monitor,B-Device
merk,B-Merek
apa,O
gan,O
monitor,B-Device
ganti,B-Request
jadi,O
hz,B-Satuan
bang,O
ready,B-Ketersediaan
barang,O
min,O
kalau,O
hardisk,B-Spek
nya,O
ganti,B-Request
tb,B-SatuanMemory
jadi,O
berapa,O
ganti,B-Request
vga,B-Spek
rx,B-Spek
gb,B-SatuanMemory
radeon,O
r,O
gb,B-SatuanMemory
tambah,B-Request
berapa,O
gan,O
ready,B-Ketersediaan
gan,O
sesuai,O
deskripsi,O
sama,O
harga,B-Harga
gan,O
kalau,O
ganti,B-Request
cas,O
pakai,O
xigmatex,O
omg,O
aqua,O
blue,O
sama,O
monitor,B-Device
ganti,B-Request
inci,O
listrik,B-Spek
va,O
kuat,B-Performance
gan,O
kalau,O
ganti,B-Request
ryzen,E-Merek
sama,O
ganti,B-Request
vga,B-Spek
pakai,O
vega,B-Merek
berapa,O
gan,O
pc,B-Device
only,O
pc,B-Device
nya,O
doang,O
apa,O
bagaimana,O
vga,B-Spek
iya,O
seri,O
nvidia,B-Spek
gtx,B-Spek
gan,O
semua,O
baru,B-Original
gan,O
kalau,O
pakai,O
keyboard,B-Device
sama,O
mouse,B-Device
brpaan,O
monitor,B-Device
berapa,O
hz,B-Satuan
harga,B-Harga
nya,O
deskripsi,O
pakai,O
mob,O
nya,O
asrock,B-Merek
b,O
m,O
cs,B-Game
go,E-Game
fps,B-GamePerformance
berapa,O
gan,O
gan,O
kalau,O
pakai,O
monitor,B-Device
mobo,B-Spek
ganti,B-Request
asrock,B-Merek
b,O
m,O
hdv,E-Merek
jadi,O
berapa,O
gtx,B-Spek
nya,O
berapa,O
nama,O
monitor,B-Device
lebih,O
spesifik,O
apa,O
min,O
led,O
samsung,B-Merek
game,B-Game
orisinal,O
online,O
kalau,O
monitor,B-Device
gan,O
kena,O
berapa,O
kalau,O
processor,B-Spek
nya,O
ganti,B-Request
ryzen,E-Merek
berapa,O
jadi,O
kak,O
ready,B-Ketersediaan
kalau,O
ganti,B-Request
pakai,O
vga,B-Spek
gb,B-SatuanMemory
jadi,O
berapa,O
kakak,O
kalau,O
monitor,B-Device
kena,O
berapa,O
masuk,B-Ketersediaan
windows,B-OS
office,E-Software
original,B-Original
buat,O
main,B-Game
genshin,B-game
impact,E-game
high,B-performance
setting,B-performance
fps,B-GamePerformance
gan,O
windowsnya,O
trial,B-Original
permanen,O
kak,O
nanya,O
dulu,O
hdd,B-Spek
ganti,B-Request
tera,B-SatuanMemory
tambah,B-Request
berapa,O
kira,O
gan,O
request,B-Request
game,B-Game
maksimal,O
berapa,O
ram,B-Spek
nya,O
bos,O
kalau,O
lebaran,O
order,B-Bayar
spec,B-Spek
exclude,O
gear,O
gan,O
jadi,O
pakai,O
keyboard,B-Device
sama,O
mouse,B-Device
min,O
cod,B-Pengiriman
gan,O
kalau,O
ganti,B-Request
prosesor,B-Spek
amd,B-Merek
raizen,O
vga,B-Spek
saphire,O
rx,B-Spek
radeon,O
rx,B-Spek
ram,B-Spek
gb,B-SatuanMemory
matherboard,O
gigabyte,O
b,O
m,O
m,O
power,B-Spek
suplai,E-Spek
unit,O
gigabite,O
cpu,B-Spek
nya,O
jadi,O
hitung,O
berapa,O
kalau,O
vega,B-Merek
depan,O
upgrade,B-Request
pakai,O
vga,B-Spek
dedicated,O
gtx,B-Spek
gamenya,B-Game
semua,O
list,O
pilih,O
bang,O
stok,O
kalau,O
tegang,B-Spek
rumah,O
cuman,O
kuat,B-Performance
beli,B-Bayar
mouse,B-Device
keyboard,B-Device
ganti,B-Request
monitor,B-Device
merk,B-Merek
fan,B-Device
cooler,B-Device
rgb,B-Spek
nya,O
berapa,O
vga,B-Spek
merk,B-Merek
apa,O
vga,B-Spek
nya,O
ubah,B-Request
gb,B-SatuanMemory
ssd,B-Spek
hdd,B-Spek
game,B-Game
apa,O
gan,O
kalau,O
pc,B-Device
nya,O
ready,B-Ketersediaan
gan,O
kalau,O
mau,O
keyboard,B-Device
sama,O
mouse,B-Device
ganti,B-Request
apa,O
kak,O
ready,B-Ketersediaan
min,O
kalau,O
ganti,B-Request
hdd,B-Spek
ssd,B-Spek
jadi,O
berapa,O
min,O
bang,O
buat,O
games,O
sekali,O
buat,O
nugas,O
edit,B-Kegiatan
desain,B-Kegiatan
bang,O
kwh,O
hari,O
kira,O
kira,O
berapa,O
gan,O
bro,O
kalau,O
cuma,O
pc,B-Device
nya,O
sama,O
monitor,B-Device
nya,O
jadi,O
nya,O
berapa,O
gan,O
aplikasi,B-Software
deskripsi,O
aplikasi,B-Software
install,B-Request
sendiri,O
install,B-Request
ram,B-Spek
gb,B-SatuanMemory
gb,B-SatuanMemory
deskripsi,O
sama,O
judul,O
kok,O
beda,O
gan,O
bang,O
kalau,O
monitor,B-Device
tambah,B-Request
jadi,O
kena,O
harga,B-Harga
berapa,O
jadi,O
gan,O
kirim,B-Pengiriman
berapa,O
lama,O
jakarta,B-Tempat
monitor,B-Device
nya,O
hz,B-Satuan
gan,O
aplikasi,B-Software
list,O
games,O
install,B-Request
semua,O
apa,O
pilih,O
kena,O
biaya,B-Harga
tuh,O
alamat,B-Pengiriman
toko,B-Toko
mana,O
gan,O
tambah,B-Request
wd,B-Spek
sama,O
assassin,O
creed,O
oddsey,O
jadi,O
berapa,O
ready,B-Ketersediaan
bos,O
merk,B-Merek
masing,O
spek,B-Spek
apa,O
bos,O
buat,O
editing,B-Kegiatan
video,E-Kegiatan
adobe,B-Software
premiere,E-Software
enak,O
gan,O
kalau,O
ram,B-Spek
nya,O
ganti,B-Request
gb,B-SatuanMemory
monitor,B-Device
mp,O
jadi,O
berapa,O
pubg,B-Game
steam,B-Game
gratis,B-Harga
gan,O
kalau,O
vga,B-Spek
nya,O
naik,O
gb,B-SatuanMemory
jadi,O
berapa,O
custom,O
request,B-Request
vga,B-Spek
jadi,O
rtx,B-Spek
jadi,O
berapa,O
monitor,B-Device
nya,O
pakai,O
hz,B-Satuan
min,O
rakit,B-Rakit
pc,B-Device
range,O
harga,B-Harga
juta,B-Harga
kak,O
casing,B-Aksesoris
merek,B-Merek
apa,O
kak,O
kalau,O
i,B-Spek
ganti,B-Request
i,B-Spek
kena,O
berapa,O
kak,O
jual,O
prosesor,B-Spek
casing,B-Aksesoris
min,O
kalau,O
kan,O
sekali,O
beli,B-Bayar
rakit,B-Rakit
sini,O
soal,O
spek,B-Spek
sesuai,O
sama,O
butuh,O
motherboard,B-Spek
varian,O
ryzen,E-Merek
procesor,B-Spek
nya,O
ganti,B-Request
jadi,O
amd,B-Merek
ryzen,E-Merek
kak,O
kak,O
kalau,O
rtx,B-Spek
ti,E-Spek
nya,O
pakai,O
gb,B-SatuanMemory
garansi,B-Garansi
berapa,O
tahun,O
kak,O
terus,O
service,O
gratis,B-Harga
bersihin,O
pc,B-Device
kak,O
info,O
benchmark,B-Performance
software,B-Software
lumion,B-Software
sama,O
vga,B-Spek
rtx,B-Spek
berapa,O
gb,B-SatuanMemory
terinstal,O
windows,B-OS
kalau,O
mobo,B-Spek
ganti,B-Request
allah,O
m,O
kalau,O
ssd,B-Spek
nya,O
jadi,O
gb,B-SatuanMemory
tambah,B-Request
berapa,O
render,B-Kegiatan
sketchup,B-Software
blender,O
min,O
bonus,B-Harga
gamesnya,O
kakak,O
kak,O
keyboard,B-Device
monitor,B-Device
mouse,B-Device
pakai,O
varian,O
putih,O
kak,O
kak,O
i,B-Spek
f,O
rx,B-Spek
nya,O
redy,B-Ketersediaan
kalau,O
fulset,O
sama,O
monitor,B-Device
keyboard,B-Device
mouse,B-Device
bang,O
harga,B-Harga
jtan,O
fulset,O
butuh,O
kamera,O
monitor,B-Device
gedein,O
gan,O
request,B-Request
upgrade,B-Request
ram,B-Spek
sama,O
ssd,B-Spek
mas,O
kalau,O
kirim,B-Pengiriman
kalimantan,O
selatan,E-Tempat
aman,O
mau,O
tanya,O
gan,O
kalau,O
rumah,O
listrik,B-Spek
ampere,O
ngangkat,O
main,B-Game
game,B-Game
cs,B-Game
kak,O
mau,O
nanya,O
satu,O
paket,B-FullSet
pc,B-Device
monitor,B-Device
keyboard,B-Device
mousenya,O
kak,O
kak,O
main,B-Game
tidur,O
seting,B-Performance
apa,O
nak,O
gan,O
kalau,O
kirim,B-Pengiriman
bogor,O
aman,O
monitor,B-Device
nya,O
pakai,O
merk,B-Merek
apa,O
kak,O
main,B-Game
roblox,B-Game
support,O
aman,O
sentosa,O
monitor,B-Device
ganti,B-Request
merek,B-Merek
ready,B-Ketersediaan
bang,O
kuat,B-Performance
buat,O
live,B-Kegiatan
bang,O
kalau,O
mau,O
multi,O
emu,O
berapa,O
screen,O
multi,O
emunya,O
siap,O
buat,O
editing,B-Kegiatan
coreldraw,O
lancar,B-Performance
kak,O
dirakitin,B-Rakit
ready,B-Ketersediaan
gan,O
terima,O
tukar,O
tambah,B-Request
gan,O
fasilitas,O
wifi,B-Spek
barang,O
ready,B-Ketersediaan
min,O
berapa,O
slot,O
ram,B-Spek
sama,O
hdd,B-Spek
total,B-Harga
pakai,O
listrik,B-Spek
berapa,O
vga,B-Spek
bagaimana,O
ddr,B-Spek
berapa,O
buat,O
cpu,B-Spek
warna,B-Aksesoris
putih,O
ready,B-Ketersediaan
hdd,B-Spek
kak,O
dirakitin,B-Rakit
request,B-Request
game,B-Game
bebas,B-Harga
harga,B-Harga
masuk,B-Ketersediaan
sama,O
vga,B-Spek
nya,O
kak,O
ready,B-Ketersediaan
game,B-Game
apa,O
request,B-Request
gan,O
gan,O
mau,O
nny,O
game,B-Game
nya,O
masuk,B-Ketersediaan
iya,O
sesuai,O
deskripsi,O
min,O
kalau,O
mau,O
tambah,B-Request
keyboard,B-Device
gamingnya,O
casing,B-Aksesoris
warna,B-Aksesoris
apa,O
gan,O
casing,B-Aksesoris
nya,O
berapa,O
watt,B-Spek
kakak,O
kak,O
kirim,B-Pengiriman
kesurabaya,O
aman,O
vga,B-Spek
bagaimana,O
ddr,B-Spek
berapa,O
monmap,O
kak,O
mau,O
tanya,O
unit,O
nya,O
cpu,B-Spek
doang,O
apa,O
sama,O
desktopnya,O
usb,B-Spek
wifi,B-Spek
masuk,B-Ketersediaan
bang,O
request,B-Request
aplikasi,B-Software
soal,O
kalau,O
pas,O
beli,B-Bayar
download,B-Request
adobe,B-Software
animate,O
ssd,B-Spek
ganti,B-Request
jadi,O
jadi,O
berapa,O
harga,B-Harga
casing,B-Aksesoris
nya,O
muat,O
gpu,B-Spek
fan,B-Device
min,O
pes,B-Game
lancar,B-Performance
muat,O
berapa,O
game,B-Game
kak,O
gan,O
komponen,B-Spek
nya,O
new,B-Game
semua,O
apa,O
second,B-Original
driver,O
langsung,O
diinstal,O
sana,O
kan,O
min,O
spaepart,O
baru,B-Original
refurbish,O
aplikasi,B-Software
pc,B-Device
apa,O
kak,O
speknya,B-Spek
sesuai,O
min,O
sama,O
deskripsi,O
monitor,B-Device
nya,O
doang,O
min,O
pc,B-Device
nya,O
beli,B-Bayar
sendiri,O
apa,O
bagaimana,O
pc,B-Device
ny,O
ram,B-Spek
kak,O
kalau,O
headshet,B-Device
sama,O
webvam,O
ikut,O
jadi,O
berapa,O
kak,O
kalau,O
ambil,O
langsung,O
ambil,O
toko,B-Toko
gan,O
betul,O
domisili,O
satu,O
kota,B-Tempat
naik,O
haji,O
bang,O
kak,O
gamenya,B-Game
legal,O
bukan,O
mod,O
sekali,O
intsalin,O
photoshop,B-Software
request,B-Request
game,B-Game
bang,O
cari,O
cari,O
pc,B-Device
pas,O
main,B-Game
game,B-Game
berat,B-Performance
rencana,O
mau,O
beli,B-Bayar
pc,B-Device
akhir,O
tahun,O
bang,O
mau,O
nanya,O
bang,O
vga,B-Spek
nya,O
ganti,B-Request
jadi,O
kalau,O
monitor,B-Device
ganti,B-Request
pakai,O
msi,B-Merek
berapa,O
bang,O
msi,B-Merek
optix,O
sih,O
pakai,O
cicil,B-Bayar
kalau,O
mau,O
downgrade,O
monitor,B-Device
jadi,O
berapa,O
kalau,O
kak,O
bonus,B-Harga
gamenya,B-Game
pilih,O
sesuai,O
sana,O
kirim,B-Pengiriman
kaltim,O
berapa,O
ongkir,B-Pengiriman
apa,O
casing,B-Aksesoris
pilih,O
warna,B-Aksesoris
putih,O
kak,O
dalem,O
paket,B-FullSet
apa,O
bang,O
kak,O
kredit,B-Bayar
kalau,O
ikut,O
monitor,B-Device
berapa,O
gan,O
upgrade,B-Request
ssd,B-Spek
mouse,B-Device
keyboard,B-Device
sesuai,O
iklan,O
rgb,B-Spek
kak,O
request,B-Request
kustom,O
headset,O
nya,O
kak,O
jadi,O
rexus,O
daxa,O
kak,O
kalau,O
vga,B-Spek
ny,O
ganti,B-Request
gtx,B-Spek
gb,B-SatuanMemory
kak,O
punya,O
headsetnya,O
kalau,O
mau,O
pakai,O
headset,O
jadi,O
berapa,O
kirim,B-Pengiriman
keluar,O
pulau,B-Tempat
packing,B-Pengiriman
bagaimana,O
kak,O
rakit,B-Rakit
headsetnya,O
merk,B-Merek
apa,O
bos,O
kak,O
kalau,O
kredit,B-Bayar
headsetnya,O
merk,B-Merek
apa,O
kak,O
kalau,O
monitor,B-Device
mau,O
inc,B-Satuan
apa,O
lengkap,B-FullSet
apa,O
mas,O
kakak,O
costem,O
webcam,O
keyboard,B-Device
mouse,B-Device
jadi,O
monitor,B-Device
jadi,O
monitor,B-Device
kak,O
maaf,O
kak,O
misal,O
mau,O
request,B-Request
procecornya,O
jadi,O
i,B-Spek
f,O
mobanya,O
ganti,B-Request
h,O
tambah,B-Request
berapa,O
kak,O
gan,O
request,B-Request
game,B-Game
gan,O
monitor,B-Device
merek,B-Merek
apa,O
kak,O
gen,B-Spek
berapa,O
kak,O
kak,O
siap,O
streaming,E-Kegiatan
mksdnya,O
webcamp,O
headsetnya,O
gambar,O
gan,O
full,B-FullSet
set,B-FullSet
cpu,B-Spek
only,O
sama,O
monitor,B-Device
ny,O
kak,O
vga,B-Spek
nya,O
onboard,O
apa,O
pakai,O
vga,B-Spek
card,E-Spek
kalau,O
roblox,B-Game
rata,B-GamePerformance
kanan,E-GamePerformance
sanggup,O
abang,O
kadang,O
kadang,O
bocah,O
umur,O
tahun,O
beli,B-Bayar
soal,O
mau,O
beli,B-Bayar
umur,O
tahun,O
abang,O
kak,O
processor,B-Spek
i,B-Spek
gen,B-Spek
berapa,O
kak,O
olah,O
data,O
iya,O
kak,O
mau,O
tanya,O
pc,B-Device
nya,O
main,B-Game
roblox,B-Game
game,B-Game
steam,B-Game
dota,B-Game
kuat,B-Performance
gan,O
kuat,B-Performance
main,B-Game
valorant,B-Game
allah,O
fullset,B-FullSet
monitor,B-Device
merk,B-Merek
apa,O
buat,O
main,B-Game
rdr,B-Game
terkonek,O
wifi,B-Spek
gan,O
kak,O
varian,O
cpu,O
led,O
fulset,O
iya,O
masuk,B-Ketersediaan
keyboard,B-Device
monitor,B-Device
mouse,B-Device
sama,O
pc,B-Device
kak,O
maksud,O
memori,B-Spek
gb,B-SatuanMemory
ram,B-Spek
ssd,B-Spek
main,B-Game
minecraft,B-Game
kak,O
full,B-FullSet
set,B-FullSet
monitor,B-Device
ready,B-Ketersediaan
gan,O
ryzen,E-Merek
nya,O
upgrade,B-Request
min,O
sama,O
pasang,B-Request
vga,B-Spek
eksternal,O
kalau,O
monitor,B-Device
hp,B-Merek
white,O
jual,O
game,B-Game
sama,O
software,B-Software
crack,B-Original
bang,O
steamnya,O
kasi,O
akun,O
kak,O
cpu,B-Spek
pakai,O
apa,O
pasang,B-Request
vga,B-Spek
nya,O
psu,B-Spek
nya,O
pakai,O
apa,O
min,O
fan,B-Device
prosesor,B-Spek
nya,O
pakai,O
rgb,B-Spek
bukan,O
kak,O
genshin,B-game
impact,E-game
kuat,B-Performance
gan,O
point,B-Game
blank,E-Game
harga,B-Harga
temasuk,O
monitor,B-Device
rakit,B-Rakit
listrik,B-Spek
watt,B-Spek
request,B-Request
game,B-Game
kak,O
cuma,O
ethernet,O
kang,O
kalau,O
rumah,O
listrik,B-Spek
ampere,O
kuat,B-Performance
gan,O
kalau,O
tambah,B-Request
internal,O
gb,B-SatuanMemory
berapa,O
harga,B-Harga
mau,O
pesan,O
tb,B-SatuanMemory
nah,O
dm,O
mas,O
dulu,O
request,B-Request
game,B-Game
apa,O
langsung,O
beli,B-Bayar
langsung,O
rtx,B-Spek
berapa,O
fullset,B-FullSet
putih,O
fullswt,O
putih,O
rtx,B-Spek
berapa,O
bang,O
soal,O
kurang,O
paham,O
kalau,O
suruh,O
baca,O
erti,O
soal,O
pc,B-Device
kak,O
sistem,O
cicil,B-Bayar
kang,O
aplikasi,B-Software
pilih,O
gan,O
masuk,B-Ketersediaan
monitor,B-Device
keyboard,B-Device
sama,O
mouse,B-Device
merek,B-Merek
monitor,B-Device
putih,O
maaf,O
mau,O
tanya,O
semua,O
komponen,B-Spek
baru,B-Original
pakai,O
bekas,O
processor,B-Spek
ny,O
intel,B-Merek
i,B-Spek
gen,B-Spek
berapa,O
gan,O
maaf,O
mas,O
spek,B-Spek
buat,O
main,B-Game
city,O
skyline,O
mas,O
halo,O
serius,O
juta,B-Harga
i,B-Spek
gen,B-Spek
padahal,O
juta,B-Harga
i,B-Spek
gen,B-Spek
lhoooo,O
vga,B-Spek
bekas,O
gtx,B-Spek
sore,O
kang,O
maaf,O
kalau,O
game,B-Game
new,B-Game
world,E-Game
spec,B-Spek
terima kasih,O
gan,O
kalau,O
mbak,O
h,O
maximal,O
pakai,O
processor,B-Spek
gen,B-Spek
berapa,O
hatur,O
nuhun,O
semua,O
piiihan,O
masuk,B-Ketersediaan
monitor,B-Device
inch,B-Satuan
nih,O
kalau,O
buat,O
gaem,O
gta,B-Game
v,O
min,O
tera,O
gb,B-SatuanMemory
putih,O
ready,B-Ketersediaan
kalau,O
pakai,O
streaming,E-Kegiatan
kak,O
design,B-Kegiatan
grafis,E-Kegiatan
video,E-Kegiatan
editing,B-Kegiatan
bagus,B-Performance
varian,O
mana,O
gan,O
buat,O
main,B-Game
rdr,B-Game
kak,O
varian,O
hdd,B-Spek
tera,O
hitam,O
sama,O
varian,O
vga,B-Spek
hitam,O
lebih,O
bagus,B-Performance
mana,O
kak,O
kalau,O
produk,O
full,B-FullSet
putih,O
kuat,B-Performance
egk,O
main,B-Game
valorant,B-Game
kak,O
buat,O
main,B-Game
ets,B-Game
mana,O
gan,O
spec,B-Spek
editing,B-Kegiatan
video,E-Kegiatan
paket,B-FullSet
kalau,O
ganti,B-Request
pakai,O
ddr,B-Spek
gb,B-SatuanMemory
orang,O
gb,B-SatuanMemory
kak,O
casing,B-Aksesoris
pakai,O
apa,O
main,B-Game
pubg,B-Game
install,B-Request
windows,B-OS
baru,B-Original
bekas,O
bos,O
game,B-Game
nya,O
pilih,O
gan,O
pakai,O
ssd,B-Spek
nvme,B-Spek
min,O
psu,B-Spek
nya,O
kuat,B-Performance
pakein,O
vga,B-Spek
gtx,B-Spek
mas,O
up,B-Request
psu,B-Spek
kuat,B-Performance
vga,B-Spek
xt,O
berapa,O
bang,O
mas,O
valorant,O
sama,O
cs,B-Game
berapa,O
fps,B-GamePerformance
masuk,B-Ketersediaan
instal,B-Request
windows,B-OS
kalau,O
masuk,B-Ketersediaan
windows,B-OS
berapa,O
depan,O
tambah,B-Request
vga,B-Spek
eksternal,O
min,O
barang,O
masuk,B-Ketersediaan
monitor,B-Device
keyboard,B-Device
mouse,B-Device
wifi,B-Spek
vga,B-Spek
nya,O
vega,B-Merek
series,O
berapa,O
gan,O
kak,O
keyboard,B-Device
sama,O
mouse,B-Device
nya,O
merek,B-Merek
apa,O
buat,O
gaming,B-Game
kuat,B-Performance
kak,O
min,O
kalau,O
toko,B-Toko
offline,O
nya,O
langsung,O
harga,B-Harga
sama,O
kalau,O
kirim,B-Pengiriman
bengkulu,O
aman,O
pc,B-Device
kirim,B-Pengiriman
sulawesi,O
tenggara,O
kira,O
aman,O
abang,O
v,O
takut,O
rusak,O
wkwk,O
kak,O
aman,O
kalau,O
kirim,B-Pengiriman
luar,O
pulau,B-Tempat
jawa,B-Tempat
halo,O
kak,O
multimedia,O
render,B-Kegiatan
video,E-Kegiatan
aman,O
nih,O
kak,O
buat,O
streaming,E-Kegiatan
aman,O
jos,O
bang,O
kalau,O
vga,B-Spek
nya,O
pakai,O
super,O
buat,O
main,B-Game
xbox,O
gamepass,O
pc,B-Device
min,O
langsung,O
plug,O
and,O
play,O
install,B-Request
driver,O
dulu,O
langsung,O
pnp,O
kak,O
model,O
begini,O
wireless,O
wireless,O
apa,O
kabel,O
plug,O
nd,O
play,O
maksud,O
ny,O
apa,O
iya,O
gan,O
forza,B-Game
horizon,E-Game
gan,O
langsung,O
plug,O
n,O
play,O
buat,O
game,B-Game
steam,B-Game
gan,O
analog,O
kanan,E-GamePerformance
fungsi,O
bagai,O
camera,O
kan,O
contoh,O
game,B-Game
god,B-Game
of,I-Game
war,E-Game
soal,O
beli,B-Bayar
brand,O
bagai,O
button,O
iya,O
kali,O
b,O
allah,O
hitam,O
ready,B-Ketersediaan
suport,O
xinput,O
kan,O
plug,O
n,O
play,O
perlu,O
jalan,O
aplikasi,B-Software
kali,O
gan,O
biar,O
kompatible,O
sama,O
beberapa,O
game,B-Game
garansi,B-Garansi
berapa,O
lama,O
gan,O
langsung,O
kirim,B-Pengiriman
sekarang,O
kak,O
resident,B-Game
evil,E-Game
pc,B-Device
install,B-Request
aplikasi,B-Software
dulu,O
bagaimana,O
buat,O
fifa,B-Game
apa,O
windows,B-OS
pnp,O
gan,O
buat,O
windows,B-OS
r,O
l,O
nya,O
trigger,O
min,O
sama,O
dual,B-Spek
vibration,O
single,O
macbook,O
game,B-Game
bola,O
pes,B-Game
pc,B-Device
support,O
kalau,O
stik,B-Device
makenya,O
usb,B-Spek
trigger,O
r,O
l,O
nya,O
on,O
off,O
progressive,O
maksud,O
kalau,O
buat,O
main,B-Game
game,B-Game
mobil,O
tengah,I-GamePerformance
gas,O
malah,O
cuma,O
gas,O
pol,O
sama,O
lepas,O
gas,O
thank,O
you,O
ready,B-Ketersediaan
kirim,B-Pengiriman
hari,O
putih,O
kosong,B-Ketersediaan
gan,O
support,O
android,O
versi,O
gta,B-Game
v,O
langsung,O
main,B-Game
pakai,O
aplikasi,B-Software
dulu,O
kak,O
gan,O
dinamo,O
joystick,O
nya,O
support,O
game,B-Game
steam,B-Game
kak,O
stik,B-Device
getar,E-Device
gan,O
kalau,O
mau,O
klaim,O
garansi,B-Garansi
bagaimana,O
cara,O
ready,B-Ketersediaan
ready,B-Ketersediaan
garansi,B-Garansi
bagaimana,O
barang,O
orisinal,B-Original
rexus,O
pak,O
ready,B-Ketersediaan
om,O
gojek,B-Pengiriman
instant,O
hari,O
kak,O
sama,O
kabel,O
monitor,B-Device
vga,B-Spek
ganti,B-Request
gtx,B-Spek
super,O
bawa,O
berapa,O
fan,B-Device
min,O
kalau,O
mau,O
tambah,B-Request
maksmial,O
muat,O
berapa,O
fan,B-Device
vga,B-Spek
gan,O
rakit,B-Rakit
apa,O
min,O
ganti,B-Request
rtx,B-Spek
admin,O
isi,O
wifi,B-Spek
apa,O
non,O
vga,B-Spek
jadi,O
berapa,O
halo,O
rumah,O
ku,O
listrik,B-Spek
v,O
kulkas,O
minta,B-Request
alamat,B-Pengiriman
toko,B-Toko
mau,O
ganti,B-Request
rtx,B-Spek
jadi,O
berapa,O
total,B-Harga
kak,O
warna,B-Aksesoris
cooler,B-Device
ganti,B-Request
pasang,B-Request
rtx,B-Spek
upgrade,B-Request
ram,B-Spek
sama,O
main,B-Game
minecraft,B-Game
java,O
min,O
rekues,O
casing,B-Aksesoris
hitam,O
rgb,B-Spek
putih,O
dong,O
ready,B-Ketersediaan
masuk,B-Ketersediaan
kabel,O
power,B-Spek
vga,B-Spek
mas,O
min,O
kirim,B-Pengiriman
luar,O
kota,B-Tempat
halo,O
kak,O
barang,O
ambil,O
langsung,O
tempat,O
kalau,O
bayar,B-Bayar
pakai,O
tokped,O
grapic,O
card,E-Spek
asus,B-Merek
gan,O
halo,O
mau,O
tanya,O
windows,B-OS
windows,B-OS
hdd,B-Spek
nya,O
tambah,B-Request
tb,B-SatuanMemory
gan,O
main,B-Game
forza,B-Game
horizon,E-Game
kuat,B-Performance
berapa,O
fps,B-GamePerformance
request,B-Request
game,B-Game
kalau,O
tambah,B-Request
windows,B-OS
orisinal,B-Original
berapa,O
cara,O
bayar,B-Bayar
atas,O
juta,B-Harga
bagaimana,O
gan,O
gan,O
main,B-Game
valorant,B-Game
stabil,O
kuat,O
ganti,B-Request
windows,B-OS
pro,O
soal,O
biasa,O
pakai,O
windows,B-OS
sama,O
ganti,B-Request
ram,B-Spek
nya,O
jadi,O
gb,B-SatuanMemory
warna,B-Aksesoris
rgbny,O
matiin,O
kakak,O
ganti,B-Request
request,B-Request
windows,B-OS
asli,B-Original
kak,O
min,O
mau,O
tanya,O
kalau,O
ganti,B-Request
beberapa,O
item,O
mobo,B-Spek
casing,B-Aksesoris
bagaimana,O
connect,O
wifi,B-Spek
bluetooh,O
kan,O
gaperlu,O
pakai,O
apa,O
apa,O
min,O
kalau,O
ganti,B-Request
casing,B-Aksesoris
kalau,O
ganti,B-Request
i,B-Spek
f,O
upgrade,B-Request
ram,B-Spek
req,B-Request
ganti,B-Request
casing,B-Aksesoris
kak,O
ready,B-Ketersediaan
kak,O
halo,O
kak,O
barang,O
nya,O
ambil,O
langsung,O
gan,O
kondisi,O
pas,O
kirim,B-Pengiriman
rakit,B-Rakit
stok,O
habis,O
kak,O
min,O
kalau,O
ganti,B-Request
item,O
berapa,O
item,O
ganti,B-Request
mobo,B-Spek
sama,O
ram,B-Spek
mau,O
b,O
auros,I-Merek
sama,O
ram,B-Spek
gb,B-SatuanMemory
gan,O
build,B-FullSet
nya,O
sama,O
gambar,O
cooler,B-Device
nya,O
ready,B-Ketersediaan
min,O
pc,B-Device
full,B-FullSet
set,B-FullSet
doang,O
min,O
masuk,B-Ketersediaan
monitor,B-Device
kak,O
casing,B-Aksesoris
sesuai,O
sama,O
gambar,O
apa,O
tambah,B-Request
ram,B-Spek
jadi,O
gb,B-SatuanMemory
berapa,O
kak,O
kalau,O
tambah,B-Request
ssd,B-Spek
jadi,O
tambah,B-Request
berapa,O
iya,O
kalau,O
ganti,B-Request
vga,B-Spek
rtx,B-Spek
tambah,B-Request
berapa,O
kak,O
sama,O
windows,B-OS
nya,O
sama,O
hdd,B-Spek
pasang,B-Request
vga,B-Spek
nya,O
psu,B-Spek
min,O
pc,B-Device
gaming,B-Game
main,B-Game
fornait,O
gta,B-Game
rp,O
min,O
ram,B-Spek
ssd,B-Spek
merk,B-Merek
apa,O
depan,O
biar,O
lebih,O
kencang,O
upgrade,B-Request
apa,O
min,O
min,O
barang,O
gan,O
spiderman,O
miles,O
morales,O
suport,O
kuat,B-Performance
main,B-Game
valo,B-Game
apex,O
min,O
main,B-Game
game,B-Game
assettocorsa,O
ram,B-Spek
apa,O
stabil,O
oc,O
stabil,O
rakit,B-Rakit
siap,O
main,B-Game
euro,O
truk,O
simulator,E-Game
masuk,B-Ketersediaan
keranjang,O
dulu,O
kak,O
tunggu,O
kumpul,O
dana,O
ehe,O
psu,B-Spek
nya,O
merek,B-Merek
apa,O
min,O
maaf,O
kak,O
merek,B-Merek
ssd,B-Spek
psu,B-Spek
ram,B-Spek
nya,O
apa,O
main,B-Game
gta,B-Game
roleplay,E-Game
ready,B-Ketersediaan
min,O
cassing,O
pilih,O
gambar,O
casing,B-Aksesoris
beda,O
genshin,B-game
impact,E-game
setting,B-performance
high,B-performance
fps,B-GamePerformance
gan,O
ready,B-Ketersediaan
min,O
komponen,B-Spek
persis,O
deskripsi,O
spek,B-Spek
rekomendasi,O
buat,O
main,B-Game
hogwarts,B-Game
legacy,E-Game
iya,O
berapa,O
fps,B-GamePerformance
game,B-Game
gan,O
resident,B-Game
evil,E-Game
remake,O
the,O
last,B-Game
of,I-Game
us,E-Game
god,B-Game
of,I-Game
war,E-Game
ragnarok,B-GameEpisode
call,B-Game
of,I-Game
duty,E-Game
warzone,B-GameEpisode
min,O
spek,B-Spek
monitor,B-Device
samsung,B-Merek
curved,B-JenisMonitor
inch,B-Satuan
bagaimana,O
min,O
pc,B-Device
nya,O
pilih,O
acak,O
siang,O
check,O
out,O
barang,O
game,B-Game
ubah,B-Request
dikit,O
gan,O
gta,B-Game
v,O
residen,B-Game
evil,E-Game
pubg,B-Game
mobile,O
dota,B-Game
devil,O
my,O
cry,O
sama,O
pes,B-Game
kirim,B-Pengiriman
sumatra,O
kena,O
biaya,B-Harga
berapa,O
gan,O
rencana,O
jadi,O
ambil,O
komputer,B-Device
list,O
game,B-Game
tera,B-SatuanMemory
situ,O
masuk,B-Ketersediaan
apa,O
pilih,O
berapa,O
item,O
game,B-Game
kalau,O
cpunya,B-Spek
min,O
kalau,O
kena,O
berapa,O
main,B-Game
battlefield,B-Game
multiplayer,O
berapa,O
fps,B-GamePerformance
gan,O
spiker,O
gan,O
main,B-Game
valo,B-Game
berapa,O
fps,B-GamePerformance
kak,O
buat,O
free,O
fire,O
gan,O
juta,B-Harga
an,O
pc,B-Device
lengkap,B-FullSet
kak,O
soal,O
selalu,O
takut,O
beli,B-Bayar
pc,B-Device
juta,B-Harga
cuman,O
mungkin,O
cpu,B-Spek
nya,O
cuman,O
monitor,B-Device
nya,O
terima kasih,O
kak,O
fullset,B-FullSet
lengkap,B-FullSet
semua,O
kak,O
edit,B-Kegiatan
after,I-Software
effect,E-Software
lancar,B-Performance
misal,O
instal,B-Request
beberapa,O
game,B-Game
lancar,B-Performance
halo,O
kak,O
ram,B-Spek
kakak,O
jual,O
jelek,O
semua,O
kata,O
retur,O
pakai,O
sama,O
sekali,O
tuh,O
bagaimana,O
chat,O
balas,O
buka,O
blender,O
roblox,B-Game
studio,O
kak,O
kalau,O
misal,O
mau,O
klaim,O
garansi,B-Garansi
bagaimana,O
cara,O
gan,O
min,O
main,B-Game
mhw,O
berapa,O
fps,B-GamePerformance
diinstal,O
windows,O
adobe,B-Software
corel,E-Software
office,O
kak,O
game,B-Game
diinstal,O
pc,B-Device
main,B-Game
game,B-Game
gta,B-Game
rdr,B-Game
jawab,O
kak,O
pubg,B-Game
varian,O
gtx,B-Spek
ti,E-Spek
berapa,O
fps,B-GamePerformance
kak,O
main,B-Game
gta,B-Game
sama,O
berapa,O
fps,B-GamePerformance
nya,O
kak,O
main,B-Game
genshin,B-game
min,O
fps,B-GamePerformance
berapa,O
kak,O
part,O
partnya,O
kondisi,O
baru,B-Original
apa,O
bekas,O
buat,O
pakai,O
kerja,O
edit,B-Kegiatan
photoshop,B-Software
after,I-Software
effect,E-Software
sama,O
blend,O
mumpuni,O
ready,B-Ketersediaan
stok,O
kirim,B-Pengiriman
hari,O
surabaya,O
ram,B-Spek
up,B-Request
berapa,O
kasih,O
opsi,O
up,B-Request
ssd,B-Spek
ram,B-Spek
dong,O
min,O
support,O
valorant,B-Game
berapa,O
fps,B-GamePerformance
kak,O
min,O
pubgm,B-Game
fps,B-GamePerformance
nih,O
prosesor,B-Spek
generasi,B-Spek
berapa,O
kak,O
ram,B-Spek
gb,B-SatuanMemory
dual,B-Spek
single,O
chanel,B-Spek
psu,B-Spek
nya,O
motherboard,B-Spek
nya,O
merk,B-Merek
harga,B-Harga
berapa,O
psu,B-Spek
nya,O
ganti,B-Request
armaggeddon,O
voltron,B-Merek
bronze,E-Merek
watt,B-Spek
standard,O
rated,O
power,O
wide,O
voltage,O
v,O
v,O
built,O
mm,O
silent,O
fan,B-Device
suport,O
vga,B-Spek
apa,O
gan,O
pasang,B-Request
vga,B-Spek
up,B-Request
amd,B-Merek
kalau,O
tambah,B-Request
hardisk,B-Spek
gb,B-SatuanMemory
seagate,O
kakak,O
main,B-Game
valo,B-Game
berapa,O
fps,B-GamePerformance
kak,O
kalau,O
rata,B-GamePerformance
kiri,O
gan,O
merk,B-Merek
speed,O
ram,B-Spek
berapa,O
sedang,O
ssd,B-Spek
nvme,B-Spek
kak,O
gamenya,B-Game
request,B-Request
barang,O
langsung,O
kirim,B-Pengiriman
proses,O
rakit,B-Rakit
dulu,O
kak,O
psu,B-Spek
ganti,B-Request
cod,B-Pengiriman
psu,B-Spek
nya,O
merk,B-Merek
apa,O
gan,O
spek,B-Spek
pakai,O
mobo,B-Spek
h,O
m,O
warna,B-Aksesoris
fan,B-Device
nya,O
ganti,B-Request
ganti,B-Request
min,O
editingan,O
render,B-Kegiatan
video,E-Kegiatan
lancar,B-Performance
throtling,O
apa,O
throtling,O
apa,O
gan,O
pc,B-Device
main,B-Game
minecraft,B-Game
pakai,O
shader,O
rtx,B-Spek
on,O
pc,B-Device
nya,O
kakak,O
rakit,B-Rakit
benar,O
buat,O
adobe,B-Software
premiere,E-Software
kalau,O
main,B-Game
gta,B-Game
gan,O
mobo,B-Spek
nya,O
pasang,B-Request
vga,B-Spek
ti,E-Spek
gb,B-SatuanMemory
ddr,B-Spek
betul,O
punya,O
vga,B-Spek
nya,O
baru,B-Original
gan,O
apa,O
main,B-Game
core,B-Spek
island,O
kak,O
varian,O
vga,B-Spek
gb,B-SatuanMemory
kuat,B-Performance
main,B-Game
pes,B-Game
pakai,O
ganti,B-Request
casing,B-Aksesoris
fan,B-Device
rgb,B-Spek
photo,O
no,O
isi,O
full,B-FullSet
game,B-Game
baru,B-Original
vga,B-Spek
jenis,O
spek,B-Spek
gan,O
request,B-Request
casing,B-Aksesoris
kak,O
semua,O
partnya,O
baru,B-Original
gan,O
tambah,B-Request
ssd,B-Spek
monitor,B-Device
kalau,O
pesan,O
vga,B-Spek
hdd,B-Spek
ssd,B-Spek
min,O
buat,O
design,B-Kegiatan
grafis,E-Kegiatan
sama,O
editing,B-Kegiatan
video,E-Kegiatan
mas,O
vga,B-Spek
nya,O
spec,B-Spek
bagaimana,O
kak,O
ddr,B-Spek
game,B-Game
request,B-Request
kak,O
slot,O
ssd,B-Spek
nya,O
berapa,O
min,O
min,O
mau,O
tau,O
kalau,O
beli,B-Bayar
langsung,O
toko,B-Toko
offline,O
nya,O
harga,B-Harga
sama,O
apa,O
beda,O
soal,O
tinggal,O
jauh,O
medar,O
mall,O
mangga,O
halo,O
min,O
ijin,O
tanya,O
tipe,O
sun,O
kira,O
kapan,O
readynya,O
tipe,O
eg,O
kalau,O
mobo,B-Spek
ganti,B-Request
asrock,B-Merek
tipe,O
sun,O
apa,O
kak,O
kalau,O
varian,O
pc,B-Device
kayu,E-Pengiriman
ongirnya,O
lebih,O
mahal,O
pc,B-Device
terus,O
tambah,B-Request
paking,O
kayu,E-Pengiriman
lebih,O
murah,B-Harga
ribu,O
opsi,O
kirim,B-Pengiriman
papua,B-Tempat
eror,O
bagaimana,O
kak,O
kalau,O
kirim,B-Pengiriman
nya,O
pakai,O
kargo,O
aman,O
kak,O
luar,O
jawa,B-Tempat
abis,O
kak,O
live,B-Kegiatan
streaming,E-Kegiatan
tiktok,O
main,B-Game
genshin,B-game
rata,B-GamePerformance
kanan,E-GamePerformance
unit,O
ready,B-Ketersediaan
min,O
gan,O
psu,B-Spek
berapa,O
watt,B-Spek
kalau,O
mau,O
windows,B-OS
nya,O
activated,O
tambah,B-Request
berapa,O
bang,O
mobo,B-Spek
merk,B-Merek
apa,O
kalau,O
beli,B-Bayar
thermal,O
pastenya,O
kalau,O
rakit,B-Rakit
rakit,B-Rakit
sendiri,O
vram,B-Spek
vga,B-Spek
nya,O
berapa,O
vga,B-Spek
nya,O
rx,B-Spek
sapa,O
iya,O
kak,O
model,O
ryzen,E-Merek
nya,O
seri,O
berapa,O
kak,O
aplikasi,B-Software
game,B-Game
nya,O
req,B-Request
kak,O
langsung,O
install,B-Request
aplikasi,B-Software
upgrade,B-Request
min,O
kalau,O
namba,O
hdd,B-Spek
tera,B-SatuanMemory
tambah,B-Request
berapa,O
kira,O
kira,O
nambahnya,O
kirim,B-Pengiriman
mana,O
listrik,B-Spek
watt,B-Spek
kuat,B-Performance
bang,O
buat,O
pc,B-Device
min,O
kalau,O
psu,B-Spek
tambah,B-Request
jadi,O
tambah,B-Request
berapa,O
mau,O
lihat,O
foto,O
aigon,O
fan,B-Device
gb,B-SatuanMemory
dong,O
min,O
takut,O
sesuai,O
ekspetasi,O
pakai,O
psu,B-Spek
merek,B-Merek
apa,O
min,O
min,O
kalau,O
barang,O
nya,O
rusak,O
garansi,B-Garansi
nya,O
fullset,B-FullSet
nya,O
psu,B-Spek
ganti,B-Request
bronze,O
jadi,O
berapa,O
jadi,O
hardisk,B-Spek
ssd,B-Spek
gb,B-SatuanMemory
nvme,B-Spek
bukan,O
ganti,B-Request
tambah,B-Request
ssd,B-Spek
nvme,B-Spek
gb,B-SatuanMemory
magix,O
allah,O
m,O
ram,B-Spek
tambah,B-Request
ssd,B-Spek
nvme,B-Spek
jadi,O
berapa,O
min,O
min,O
vga,B-Spek
nya,O
upgrade,B-Request
kan,O
min,O
misal,O
mau,O
tambah,B-Request
ssd,B-Spek
kan,O
tambah,B-Request
ribu,O
bayar,B-Bayar
tambah,B-Request
lewat,O
mana,O
min,O
montech,O
ready,B-Ketersediaan
minn,O
ready,B-Ketersediaan
minn,O
stok,O
ready,B-Ketersediaan
windows,B-OS
install,B-Request
min,O
ssd,B-Spek
tambah,B-Request
tb,B-SatuanMemory
tambah,B-Request
berapa,O
min,O
full,B-FullSet
set,B-FullSet
kalau,O
hdd,B-Spek
tambah,B-Request
tb,B-SatuanMemory
sama,O
pakai,O
vga,B-Spek
ti,E-Spek
tambah,B-Request
berapa,O
min,O
min,O
beda,O
nya,O
abang,O
allah,O
m,O
sama,O
abang,O
allah,O
m,O
apa,O
kalau,O
main,B-Game
valo,B-Game
smooth,O
kak,O
kalau,O
full,B-FullSet
set,B-FullSet
psu,B-Spek
merek,B-Merek
apa,O
gan,O
min,O
ssd,B-Spek
nya,O
ganti,B-Request
nvme,B-Spek
samsung,B-Merek
ventus,O
gb,B-SatuanMemory
jadi,O
berapa,O
ready,B-Ketersediaan
kak,O
sesuai,O
deskripsi,O
total,B-Harga
kan,O
min,O
misal,O
beli,B-Bayar
pakai,O
kan,O
gpu,B-Spek
min,O
merk,B-Merek
ram,B-Spek
apa,O
min,O
kalau,O
mobo,B-Spek
nya,O
ganti,B-Request
sama,O
b,O
series,O
jadi,O
berapa,O
ready,B-Ketersediaan
gan,O
cuma,O
pakai,O
nvme,B-Spek
ada,O
hardisk,B-Spek
vga,B-Spek
nya,O
apa,O
bang,O
lubang,O
flash,O
disk,O
nya,O
berapa,O
gan,O
kalau,O
cuma,O
procie,O
mobo,B-Spek
ram,B-Spek
gb,B-SatuanMemory
jadi,O
berapa,O
gan,O
request,B-Request
mobo,B-Spek
stell,O
legend,O
b,O
m,O
aircoller,O
corsair,O
ll,O
white,O
rgb,B-Spek
om,O
psu,B-Spek
nya,O
request,B-Request
ganti,B-Request
jadi,O
tambah,B-Request
halo,O
kak,O
produk,O
request,B-Request
vga,B-Spek
pakai,O
ssd,B-Spek
kan,O
kirim,B-Pengiriman
pc,B-Device
rakit,B-Rakit
rakit,B-Rakit
kalau,O
rakit,B-Rakit
komponen,B-Spek
segel,O
min,O
kalau,O
kirim,B-Pengiriman
kan,O
kompinennya,O
lepas,O
komponen,B-Spek
cpu,B-Spek
tray,O
box,O
part,O
new,B-Game
semua,O
bang,O
bang,O
psu,B-Spek
ganti,B-Request
merk,B-Merek
bagus,B-Performance
corsair,O
seasonic,O
kena,O
berapa,O
mau,O
pasang,B-Request
sama,O
rx,B-Spek
mobo,B-Spek
nya,O
dual,B-Spek
channel,O
min,O
min,O
varian,O
ram,B-Spek
mah,O
psu,B-Spek
nya,O
apa,O
min,O
depan,O
soal,O
mau,O
masang,O
vga,B-Spek
sih,O
bronze,O
lebih,O
min,O
mau,O
ganti,B-Request
vga,B-Spek
nvidia,B-Spek
min,O
merk,B-Merek
ssd,B-Spek
psu,B-Spek
apa,O
adobe,B-Software
after,I-Software
effect,E-Software
ilustrator,O
baru,B-Original
kuat,B-Performance
gojek,B-Pengiriman
hari,O
bayar,B-Bayar
rakit,B-Rakit
siap,O
kirim,B-Pengiriman
berapa,O
jam,O
rencana,O
gojek,B-Pengiriman
instan,O
tebet,O
maksimal,O
jam,O
musti,O
nyampe,O
soal,O
gan,O
fan,B-Device
nya,O
rgb,B-Spek
warna,B-Aksesoris
biru,O
ssd,B-Spek
gb,B-SatuanMemory
nih,O
gb,B-SatuanMemory
ready,B-Ketersediaan
gan,O
sama,O
powersupply,B-Spek
iya,O
colok,O
usb,B-Spek
berapa,O
depan,O
blkg,O
gan,O
req,B-Request
game,O
softaware,O
minta,B-Request
mentah,O
install,B-Request
apa,O
listny,O
thanks,O
kalau,O
vga,B-Spek
jadi,O
berapa,O
gan,O
punya,O
rx,B-Spek
rencana,O
mau,O
pasang,B-Request
slot,O
m,O
buat,O
tambah,B-Request
ssd,B-Spek
nvme,B-Spek
nya,O
gan,O
sama,O
upgrade,B-Request
gpu,B-Spek
sendiri,O
gan,O
vga,B-Spek
onboard,O
iya,O
ganti,B-Request
speck,B-Spek
varian,O
siap,O
pasang,B-Request
rtx,B-Spek
gan,O
gan,O
ram,B-Spek
tambah,B-Request
jadi,O
harga,B-Harga
jdnya,O
berapa,O
min,O
kalau,O
tau,O
merk,B-Merek
ssd,B-Spek
ram,B-Spek
nya,O
apa,O
min,O
kalau,O
pasang,B-Request
cpu,B-Spek
cooler,B-Device
rgb,B-Spek
pasang,B-Request
vga,B-Spek
om,O
kalau,O
main,B-Game
apex,B-Game
berapa,O
fps,B-GamePerformance
kak,O
kalau,O
mau,O
ganti,B-Request
jadi,O
case,B-Aksesoris
m,O
itx,O
jadi,O
custom,O
order,B-Bayar
jatohnya,O
toko,B-Toko
offline,O
om,O
kalau,O
insyaallah,O
mau,O
mampir,O
buat,O
tonton,O
yt,B-Platform
jumlah,O
banyak,O
sekali,O
naik,O
tab,O
windows,B-OS
nya,O
aktivin,O
ram,B-Spek
nya,O
pakai,O
team,O
ta,O
force,O
delta,O
request,B-Request
game,B-Game
new,B-Game
world,E-Game
kak,O
buat,O
fifa,B-Game
varian,O
gb,B-SatuanMemory
ready,B-Ketersediaan
gan,O
buat,O
varian,O
pakai,O
psu,B-Spek
nya,O
apa,O
main,B-Game
fifa,B-Game
kalau,O
pakai,O
pakai,O
psu,B-Spek
apa,O
min,O
ready,B-Ketersediaan
gan,O
gojek,B-Pengiriman
ssd,B-Spek
ram,B-Spek
berapa,O
kirim,B-Pengiriman
sama,O
semua,O
dus,B-Pengiriman
om,O
valorant,B-Game
berapa,O
fps,B-GamePerformance
bos,O
spek,B-Spek
case,B-Aksesoris
mini,O
itx,O
seri,O
apa,O
gan,O
gan,O
unit,O
varian,O
ready,B-Ketersediaan
mas,O
mau,O
tanya,O
dong,O
semua,O
item,O
nya,O
baru,B-Original
kan,O
bukan,O
tray,O
gojek,B-Pengiriman
jaktim,O
om,O
processor,B-Spek
upgrade,B-Request
apa,O
min,O
non,O
vga,B-Spek
berapa,O
berapa,O
watt,B-Spek
kak,O
total,B-Harga
listrik,B-Spek
nya,O
tipe,O
ram,B-Spek
ddr,B-Spek
kalau,O
mobo,B-Spek
kalau,O
misal,O
upgrade,B-Request
ddr,B-Spek
kalau,O
pc,B-Device
built,O
up,B-Request
game,B-Game
kalau,O
ssd,B-Spek
only,O
pakai,O
hdd,B-Spek
terus,O
request,B-Request
ssd,B-Spek
tb,B-SatuanMemory
apa,O
speknya,B-Spek
sesuai,O
min,O
sama,O
deskripsi,O
terus,O
kalau,O
request,B-Request
case,B-Aksesoris
ganti,B-Request
warna,B-Aksesoris
putih,O
tambah,B-Request
duit,O
apa,O
usah,O
fan,B-Device
casing,B-Aksesoris
berapa,O
pc,B-Device
kalau,O
pc,B-Device
nya,O
doang,O
jadi,O
berapa,O
kalau,O
monitor,B-Device
ganti,B-Request
sama,O
monitor,B-Device
begini,O
hz,B-Satuan
mouse,B-Device
keyboard,B-Device
jadi,O
berapa,O
om,O
min,O
kalau,O
main,B-Game
f,O
kuat,B-Performance
gan,O
kalau,O
intel,B-Merek
ganti,B-Request
seri,O
f,O
kf,O
sama,O
vga,B-Spek
nya,O
ganti,B-Request
rtx,B-Spek
ram,B-Spek
gb,B-SatuanMemory
ssd,B-Spek
nvme,B-Spek
gb,B-SatuanMemory
sata,O
tb,B-SatuanMemory
psu,B-Spek
gold,O
mouse,B-Device
keyboard,B-Device
berapa,O
iya,O
gan,O
min,O
kalau,O
processor,B-Spek
ganti,B-Request
jadi,O
ryzen,E-Merek
kali,O
tambah,B-Request
wireless,O
monitor,B-Device
jadi,O
berapa,O
kakak,O
kirim,B-Pengiriman
rumah,O
bintaro,O
jakarta,B-Tempat
selatan,E-Tempat
min,O
kalau,O
ganti,B-Request
amd,B-Merek
ryzen,E-Merek
monitor,B-Device
jadi,O
berapa,O
kalau,O
monitor,B-Device
tambah,B-Request
wifi,B-Spek
berapa,O
jadi,O
monitor,B-Device
wifi,B-Spek
bga,O
super,O
jadi,O
berapa,O
gan,O
pak,O
kalau,O
upgrade,B-Request
rtx,B-Spek
i,B-Spek
rtx,B-Spek
super,O
jadi,O
berapa,O
kalau,O
monitor,B-Device
keyboard,B-Device
mouse,B-Device
jadi,O
berapa,O
vga,B-Spek
ganti,B-Request
rtx,B-Spek
jadi,O
berapa,O
malam,O
gan,O
mau,O
tanya,O
spek,B-Spek
ram,B-Spek
gb,B-SatuanMemory
monitor,B-Device
curved,B-JenisMonitor
jadi,O
berapa,O
gan,O
vga,B-Spek
ganti,B-Request
ti,E-Spek
berapa,O
gan,O
kalau,O
mouse,B-Device
keyboard,B-Device
mau,O
pakai,O
motherboard,B-Spek
b,O
phantom,O
gaming,B-Game
b,O
pro,O
jadi,O
berapa,O
monitor,B-Device
ganti,B-Request
jadi,O
samsung,B-Merek
sih,O
r,O
fhe,O
hdd,B-Spek
tb,B-SatuanMemory
wireless,O
wifi,B-Spek
bluetooth,O
keyboard,B-Device
gaming,B-Game
cougar,O
combo,O
deathfire,O
webcam,O
casing,B-Aksesoris
infinity,O
spyder,O
jadi,O
berapa,O
gan,O
ready,B-Ketersediaan
stock,O
kalau,O
pakai,O
ssd,B-Spek
key,O
mouse,B-Device
ram,B-Spek
jadi,O
gb,B-SatuanMemory
hardisk,B-Spek
jadi,O
tb,B-SatuanMemory
total,B-Harga
jadi,O
berapa,O
monitor,B-Device
keyboard,B-Device
mouse,B-Device
tambah,B-Request
wifi,B-Spek
wireless,O
jadi,O
berapa,O
kalau,O
vga,B-Spek
jadi,O
gtx,B-Spek
super,E-Spek
gb,B-SatuanMemory
monitor,B-Device
berapa,O
monitor,B-Device
ganti,B-Request
jadi,O
inci,O
ngab,O
mau,O
tanya,O
tanya,O
dulu,O
gan,O
ram,B-Spek
nya,O
merek,B-Merek
apa,O
ganti,B-Request
speed,O
nya,O
atas,O
nya,O
kalau,O
cpu,B-Spek
nya,O
berapa,O
gan,O
kalau,O
vga,B-Spek
ganti,B-Request
gb,B-SatuanMemory
tambah,B-Request
berapa,O
ready,B-Ketersediaan
bos,O
gan,O
kalau,O
vga,B-Spek
nya,O
ganti,B-Request
jadi,O
nvidia,B-Spek
rtx,B-Spek
ti,E-Spek
monitor,B-Device
jadi,O
berapa,O
kalau,O
ganti,B-Request
nvidia,B-Spek
rtx,B-Spek
monitor,B-Device
jadi,O
berapa,O
kalau,O
vga,B-Spek
nya,O
ganti,B-Request
jadi,O
nvidia,B-Spek
gtx,B-Spek
ti,E-Spek
ganti,B-Request
monitor,B-Device
jadi,O
berapa,O
gan,O
beda,O
sama,O
pc,B-Device
rakit,B-Rakit
i,B-Spek
skylake,O
apa,O
bang,O
kalau,O
monitor,B-Device
ganti,B-Request
curve,B-JenisMonitor
ready,B-Ketersediaan
gan,O
kalau,O
mau,O
tuker,O
tambah,B-Request
ram,B-Spek
mentok,O
vga,B-Spek
nya,O
tuker,O
tambah,B-Request
to,O
jadi,O
berapa,O
gan,O
bang,O
barang,O
ready,B-Ketersediaan
kalau,O
vga,B-Spek
nya,O
ganti,B-Request
rtx,B-Spek
motherboard,B-Spek
ny,O
allah,O
pro,O
ram,B-Spek
ny,O
ganti,B-Request
dual,B-Spek
channel,O
jadi,O
berapa,O
pasang,B-Request
windows,B-OS
pro,O
gan,O
hai,O
kalau,O
spec,B-Spek
ganti,B-Request
monitor,B-Device
seri,O
ultrafine,O
uk,O
jadi,O
berapa,O
iya,O
terima,O
kasih,O
sore,O
gan,O
spek,B-Spek
ganti,B-Request
sama,O
rtx,B-Spek
monitor,B-Device
jadi,O
berapa,O
iya,O
gan,O
gpu,B-Spek
gtx,B-Spek
gtx,B-Spek
spek,B-Spek
budget,B-Harga
bawah,O
juta,B-Harga
datang,O
toko,B-Toko
daya,B-Spek
listrik,B-Spek
rumah,O
berapa,O
minimal,O
pc,B-Device
nya,O
hidup,O
lancar,B-Performance
jaya,O
kalau,O
monitor,B-Device
ganti,B-Request
samsung,B-Merek
led,O
curve,B-JenisMonitor
berapa,O
gan,O
usb,B-Spek
suport,O
iya,O
kuat,B-Performance
main,B-Game
forza,B-Game
gam,O
kalau,O
mau,O
ganti,B-Request
vga,B-Spek
cukup,O
game,B-Game
iya,O
kalau,O
monitor,B-Device
berapa,O
malam,O
bos,O
kalau,O
vga,B-Spek
n,O
monitor,B-Device
harddisknya,B-Spek
up,B-Request
jadi,O
tb,B-SatuanMemory
jadi,O
berapa,O
kali,O
intel,B-Merek
core,B-Spek
i,B-Spek
f,O
ghz,B-Satuan
cofeelake,O
cfl,O
kali,O
msi,B-Merek
b,O
gaming,B-Game
plus,O
cfl,O
kali,O
patriot,O
viper,O
rgb,B-Spek
gb,B-SatuanMemory
kali,O
kit,O
mhz,O
kali,O
wd,B-Spek
blue,E-Spek
tb,B-SatuanMemory
inc,B-Satuan
kali,O
ssd,B-Spek
colorfull,O
gb,B-SatuanMemory
kali,O
msi,B-Merek
gtx,B-Spek
ti,E-Spek
gaming,B-Game
kali,O
gb,B-SatuanMemory
ddr,B-Spek
kali,O
cougar,O
bronze,O
vte,O
kali,O
cube,O
gaming,B-Game
klassis,O
black,O
kali,O
pc,B-Device
cooler,B-Device
halo,O
rgb,B-Spek
pin,O
kali,O
id,O
cooling,O
auraflow,O
kali,O
speck,B-Spek
butuh,O
budget,B-Harga
berapa,O
kak,O
terima,O
kasih,O
gtx,B-Spek
gb,B-SatuanMemory
sama,O
no,O
monitor,B-Device
gan,O
monitor,B-Device
ram,B-Spek
req,B-Request
spec,B-Spek
siang,O
gan,O
itungin,O
dulu,O
kalau,O
pakai,O
mobo,B-Spek
msi,B-Merek
b,O
allah,O
pro,O
vga,B-Spek
msi,B-Merek
rx,B-Spek
gb,B-SatuanMemory
msi,B-Merek
gtx,B-Spek
ventus,O
xs,O
gb,B-SatuanMemory
monitor,B-Device
key,O
mouse,B-Device
ready,B-Ketersediaan
kak,O
gosend,B-Pengiriman
hari,O
upgrade,B-Request
monitor,B-Device
inch,B-Satuan
berapa,O
gan,O
kontak,O
buat,O
tanya,O
gan,O
mau,O
ngituin,O
harga,B-Harga
dulu,O
dong,O
mesennya,O
besok,O
mobo,B-Spek
ganti,B-Request
msi,B-Merek
h,O
m,O
gaming,B-Game
plus,O
vga,B-Spek
ganti,B-Request
msi,B-Merek
geforce,B-Spek
gtx,B-Spek
ti,E-Spek
ventus,O
xs,O
gb,B-SatuanMemory
oc,O
ddr,B-Spek
jadi,O
berapa,O
mobo,B-Spek
msi,B-Merek
h,O
m,O
gaming,B-Game
plus,O
vga,B-Spek
gtx,B-Spek
ti,O
gb,B-SatuanMemory
jadi,O
berapa,O
monitor,B-Device
halo,O
langsung,O
datang,O
toko,B-Toko
gan,O
kalau,O
vga,B-Spek
nya,O
ganti,B-Request
gtx,B-Spek
ti,E-Spek
jadi,O
berapa,O
gambar,O
ganti,B-Request
ti,E-Spek
liquid,O
cooler,B-Device
tambah,B-Request
berapa,O
gan,O
power,B-Spek
supply,E-Spek
nya,O
gan,O
gan,O
kalau,O
tambah,B-Request
hdd,B-Spek
tb,B-SatuanMemory
luar,O
monitor,B-Device
kena,O
berapa,O
gan,O
juta,B-Harga
spek,B-Spek
kayak,O
foto,O
pubg,B-Game
ultra,O
plus,O
wireless,O
sama,O
dvd,B-Spek
rw,O
jadi,O
berapa,O
gan,O
gan,O
request,B-Request
intel,B-Merek
core,B-Spek
i,B-Spek
m,O
cache,O
up,B-Request
to,O
ghz,B-Satuan
processor,B-Spek
cooler,B-Device
master,O
i,B-Spek
hsf,O
msi,B-Merek
geforce,B-Spek
gtx,B-Spek
gb,B-SatuanMemory
ddr,B-Spek
kali,O
gaming,B-Game
kali,O
msi,B-Merek
b,O
m,O
gaming,B-Game
plus,O
motherboard,B-Spek
team,O
elite,O
ddr,B-Spek
pc,B-Device
mhz,O
gb,B-SatuanMemory
kali,O
gb,B-SatuanMemory
ram,B-Spek
wd,B-Spek
green,E-Spek
ssd,B-Spek
gb,B-SatuanMemory
wd,B-Spek
blue,E-Spek
tb,B-SatuanMemory
rpm,O
hdd,B-Spek
gamemax,O
bronze,O
psu,B-Spek
case,B-Aksesoris
armageddon,O
ta,O
kali,O
pro,O
xfan,O
wifi,O
wirelles,O
include,O
blutut,O
windows,B-OS
pro,O
original,B-Original
kira,O
berapa,O
semua,O
total,B-Harga
gan,O
jamin,O
kan,O
susun,O
kabel,O
jamin,O
rapi,O
kokoh,O
semua,O
gan,O
kesing,O
nya,O
ganti,B-Request
gan,O
kalau,O
perlu,O
pc,B-Device
i,B-Spek
spec,B-Spek
ram,B-Spek
gb,B-SatuanMemory
lan,O
card,E-Spek
dukung,O
dvd,B-Spek
room,O
pc,B-Device
kantor,O
jatuh,O
berapa,O
hitung,O
i,B-Spek
paut,O
berapa,O
kalau,O
soal,O
game,B-Game
masuk,B-Ketersediaan
kahh,O
kuat,B-Performance
buat,O
game,B-Game
steam,B-Game
survival,O
bellwright,O
min,O
buat,O
live,B-Kegiatan
tiktok,O
yutube,O
kak,O
kuat,B-Performance
render,B-Kegiatan
ssd,B-Spek
tambah,B-Request
berapa,O
software,B-Software
gamenya,B-Game
orisinal,B-Original
beli,B-Bayar
pc,B-Device
bos,O
harga,B-Harga
vga,B-Spek
nya,O
pilih,O
ready,B-Ketersediaan
kak,O
rdr,B-Game
berapa,O
fps,B-GamePerformance
kak,O
main,B-Game
genshin,B-game
enggak,O
sfek,O
berapa,O
fps,B-GamePerformance
garansi,B-Garansi
tahun,O
kak,O
vga,B-Spek
ganti,B-Request
main,B-Game
minecraft,B-Game
sama,O
roblox,B-Game
kak,O
gan,O
kalau,O
misal,O
processor,B-Spek
ganti,B-Request
jadi,O
xeon,O
fullset,B-FullSet
instalin,B-Request
game,B-Game
efootbal,O
kak,O
instal,B-Request
sama,O
game,B-Game
game,B-Game
nya,O
vga,B-Spek
mana,O
kok,O
pilih,O
stok,O
ready,B-Ketersediaan
bang,O
request,B-Request
aplikasi,B-Software
sketchup,B-Software
dam,O
minitab,O
min,O
pakai,O
live,B-Kegiatan
streaming,E-Kegiatan
kalau,O
ssd,B-Spek
tambah,B-Request
berapa,O
kak,O
vga,B-Spek
nya,O
pilih,O
ssd,B-Spek
nya,O
sata,O
nvme,B-Spek
memory,B-Spek
ssd,B-Spek
upgrade,B-Request
berapa,O
ready,B-Ketersediaan
kak,O
mau,O
spek,B-Spek
rakit,B-Rakit
apa,O
min,O
edit,B-Kegiatan
video,E-Kegiatan
kak,O
stok,O
ready,B-Ketersediaan
kak,O
lengkap,B-FullSet
gan,O
maksud,O
install,B-Request
kak,O
kalok,O
listrik,B-Spek
rumah,O
watt,B-Spek
kira,O
pc,B-Device
nyala,O
kak,O
kalau,O
buat,O
live,B-Kegiatan
streaming,E-Kegiatan
iya,O
permisi,O
kak,O
kalau,O
pc,B-Device
dibpakein,O
monitor,B-Device
inch,B-Satuan
merek,B-Merek
apa,O
kak,O
kak,O
kirim,B-Pengiriman
kejogja,B-Tempat
aman,O
kak,O
spek,B-Spek
kayak,O
begini,O
spek,B-Spek
processor,B-Spek
amd,O
ryzen,E-Merek
ram,B-Spek
gb,B-SatuanMemory
ddr,B-Spek
vga,B-Spek
zotac,O
nvidia,B-Spek
rtx,B-Spek
gb,B-SatuanMemory
vram,B-Spek
hdd,B-Spek
tb,B-SatuanMemory
ssd,B-Spek
gb,B-SatuanMemory
kalau,O
spek,B-Spek
kayak,O
kak,O
permisi,O
kak,O
kalau,O
buat,O
main,B-Game
forza,B-Game
kak,O
garansi,B-Garansi
berapa,O
lama,O
kak,O
ssd,B-Spek
nya,O
merek,B-Merek
apa,O
iya,O
kalau,O
up,B-Request
tambah,B-Request
berapa,O
kalau,O
bonus,B-Harga
game,B-Game
perlu,O
software,B-Software
kak,O
kak,O
game,B-Game
gratis,B-Harga
lebih,O
game,B-Game
minta,B-Request
instalin,B-Request
upgrade,B-Request
hdd,B-Spek
jadi,O
tb,B-SatuanMemory
apa,O
google,B-Software
chorme,E-Software
game,B-Game
watchdog,B-Game
berapa,O
fps,B-GamePerformance
medium,B-Performance
setting,B-performance
main,B-Game
valo,B-Game
grafik,B-Performance
mid,B-Performance
kak,O
kalau,O
memory,B-Spek
ddr,B-Spek
vga,B-Spek
gb,B-SatuanMemory
ddr,B-Spek
berapa,O
kak,O
kalau,O
buat,O
stream,E-Kegiatan
game,B-Game
ringan,B-Performance
rekomen,O
kak,O
vga,B-Spek
upgrade,B-Request
slot,O
tambah,B-Request
ram,B-Spek
ssd,B-Spek
chanel,B-Spek
youtube,B-Platform
nya,O
mau,O
lihat,O
video,E-Kegiatan
lengkap,B-FullSet
mampu,O
pc,B-Device
nya,O
monitor,B-Device
nya,O
merek,B-Merek
apa,O
tambah,B-Request
jne,B-Pengiriman
cargo,B-Pengiriman
dong,O
lebih,O
murah,B-Harga
gan,O
fortnite,B-Game
berapa,O
fps,B-GamePerformance
kredit,B-Bayar
order,B-Bayar
pc,B-Device
packing,B-Pengiriman
pakai,O
apa,O
kak,O
kalau,O
kirim,B-Pengiriman
keluar,O
kota,B-Tempat
pes,B-Game
spek,B-Spek
apa,O
gan,O
valorant,B-Game
bagaimana,O
seting,B-Performance
min,O
terus,O
berapa,O
fps,B-GamePerformance
cara,O
konek,O
wifi,B-Spek
nya,O
bagaimana,O
gan,O
benar,O
error,O
ganti,B-Request
garansi,B-Garansi
slow,O
respon,B-CustomerService
rusa,O
produk,O
nya,O
barang,O
baru,B-Original
semua,O
dus,B-Pengiriman
garansi,B-Garansi
gan,O
speaker,B-Device
main,B-Game
new,B-Game
world,E-Game
lanjay,O
min,O
kalau,O
pc,B-Device
ngelag,B-Performance
grafik,B-Performance
tinggi,B-Performance
pakai,O
main,B-Game
game,B-Game
game,B-Game
kalau,O
monitor,B-Device
ganti,B-Request
jadi,O
samsung,B-Merek
inc,B-Satuan
jadi,O
berapa,O
kak,O
kalau,O
main,B-Game
genshin,B-game
impact,E-game
berapa,O
fps,B-GamePerformance
kalau,O
mau,O
toko,B-Toko
langsung,O
mana,O
iya,O
gan,O
kalau,O
pc,B-Device
aha,O
berapa,O
gan,O
kak,O
kalau,O
misal,O
request,B-Request
vga,B-Spek
misal,O
request,B-Request
vga,B-Spek
gtx,B-Spek
cod,B-Pengiriman
luar,O
pulau,B-Tempat
kalau,O
mouse,B-Device
keyboard,B-Device
jadi,O
berapa,O
kak,O
monitor,B-Device
jadi,O
berapa,O
game,B-Game
offline,O
semua,O
tinggal,O
main,B-Game
paket,B-FullSet
apa,O
kak,O
kak,O
packing,B-Pengiriman
pakai,O
apa,O
aman,O
kalau,O
keluar,O
kota,B-Tempat
abang,O
vga,B-Spek
pilih,O
salah,O
satu,O
opsi,O
beli,B-Bayar
ny,O
req,B-Request
dulu,O
upgrade,B-Request
ram,B-Spek
harddisk,B-Spek
gb,B-SatuanMemory
ssd,B-Spek
gb,B-SatuanMemory
pilih,O
salah,O
satu,O
kalau,O
mau,O
ganti,B-Request
samsung,B-Merek
inc,B-Satuan
tambah,B-Request
berapa,O
garansi,B-Garansi
cod,B-Pengiriman
kredit,B-Bayar
kak,O
cod,B-Pengiriman
kalau,O
req,B-Request
game,B-Game
minimal,O
berapa,O
kalau,O
kirim,B-Pengiriman
kejakarta,O
berapa,O
lama,O
aman,O
iya,O
bang,O
buat,O
aplikasi,B-Software
arcgis,B-Software
cocok,O
bang,O
apa,O
kapan,O
kirim,B-Pengiriman
halo,O
slot,O
sata,O
nya,O
berapa,O
ram,B-Spek
berapa,O
mhz,O
kak,O
paket,B-FullSet
nya,O
lcd,B-Spek
ready,B-Ketersediaan
halo,O
pilih,O
jadi,O
estimasi,O
tanggal,O
iya,O
mau,O
tanya,O
kak,O
psu,B-Spek
nya,O
merek,B-Merek
apa,O
kalau,O
tau,O
kalau,O
ganti,B-Request
cpu,B-Spek
i,B-Spek
tambah,B-Request
dikit,O
berapa,O
ti,E-Spek
gb,B-SatuanMemory
ganti,B-Request
rx,B-Spek
gb,B-SatuanMemory
jadi,O
berapa,O
i,B-Spek
gen,B-Spek
berapa,O
gan,O
rakit,B-Rakit
instalasi,B-Request
berapa,O
lama,O
gan,O
misal,O
order,B-Bayar
jam,O
pagi,O
kira,O
kirim,B-Pengiriman
jam,O
berapa,O
kalau,O
via,O
gosend,B-Pengiriman
kredit,B-Bayar
selamat,O
pagi,O
bos,O
tambah,B-Request
ram,B-Spek
storage,B-Spek
kira,O
kira,O
gan,O
pc,B-Device
install,B-Request
semua,O
game,B-Game
gambar,O
slide,O
akhir,O
resolusi,B-Performance
monitor,B-Device
nya,O
berapa,O
request,B-Request
case,B-Aksesoris
om,O
fullset,B-FullSet
ready,B-Ketersediaan
gan,O
kalau,O
tambah,B-Request
ram,B-Spek
jadi,O
total,B-Harga
gb,B-SatuanMemory
harga,B-Harga
total,B-Harga
jadi,O
berapa,O
gan,O
kalau,O
processor,B-Spek
upgrade,B-Request
gen,B-Spek
atas,O
apa,O
kak,O
kira,O
kuat,B-Performance
main,B-Game
game,B-Game
life,B-Game
after,E-Game
grafik,B-Performance
ultra,O
hd,B-Satuan
bhkan,O
lebih,O
srius,O
nanya,O
monitor,B-Device
ganti,B-Request
hz,B-Satuan
ram,B-Spek
up,B-Request
gb,B-SatuanMemory
kak,O
tambah,O
berapa,O
monitor,B-Device
nya,O
berapa,O
hz,B-Satuan
kak,O
ram,B-Spek
up,B-Request
kalau,O
buat,O
live,B-Kegiatan
streaming,E-Kegiatan
game,B-Game
min,O
kalau,O
cuma,O
beli,B-Bayar
pc,B-Device
sama,O
monitor,B-Device
kak,O
kalau,O
monitor,B-Device
mau,O
ganti,B-Request
samsung,B-Merek
ch,O
hg,O
dme,O
qled,O
curve,B-JenisMonitor
tambah,B-Request
berapa,O
budget,B-Harga
juta,B-Harga
apa,O
speknya,B-Spek
gan,O
mother,B-Spek
nya,O
high,B-performance
end,O
biar,O
depan,O
mau,O
modif,B-Request
tahun,O
depan,O
request,B-Request
instal,B-Request
game,B-Game
battlefield,B-Game
world,I-Game
war,E-Game
apex,B-Game
rata,B-GamePerformance
kanan,E-GamePerformance
min,O
seting,B-Performance
gan,O
konsumsi,O
watt,B-Spek
jadi,O
rendah,B-Performance
biar,O
watt,B-Spek
buat,O
main,B-Game
main,B-Game
game,B-Game
berat,B-Performance
live,B-Kegiatan
streaming,E-Kegiatan
edit,B-Kegiatan
video,E-Kegiatan
kuat,B-Performance
gan,O
bang,O
kalau,O
cuma,O
mau,O
beli,B-Bayar
cpunya,B-Spek
bang,O
upgrade,B-Request
able,O
game,B-Game
rdr,B-Game
kuat,B-Performance
rata,B-GamePerformance
tengah,I-GamePerformance
kanan,E-GamePerformance
kalau,O
kartu,B-Spek
grafis,E-Spek
ganti,B-Request
jadi,O
gtx,B-Spek
ti,E-Spek
monitor,B-Device
merek,B-Merek
apa,O
gan,O
pakai,O
listrik,B-Spek
fixnya,O
berapa,O
wat,B-Spek
min,O
main,B-Game
pubg,B-Game
stream,E-Kegiatan
setting,B-performance
paling,O
tinggi,B-Performance
gan,O
kalau,O
ram,B-Spek
nya,O
ganti,B-Request
jadi,O
gb,B-SatuanMemory
dual,B-Spek
chanel,B-Spek
mhz,O
jadi,O
berapa,O
windows,B-OS
ny,O
pro,O
bit,B-SatuanProcessor
bukan,O
monitor,B-Device
merek,B-Merek
apa,O
gan,O
curved,B-JenisMonitor
flat,B-JenisMonitor
kirim,B-Pengiriman
palembang,B-Tempat
aman,O
gan,O
rata,B-GamePerformance
kanan,E-GamePerformance
all,O
game,B-Game
min,O
yt,B-Platform
ber,O
soal,O
nya,O
mau,O
review,O
beberapa,O
game,B-Game
gan,O
update,B-Request
vga,B-Spek
sama,O
ssd,B-Spek
nya,O
iya,O
info,O
konsumsi,O
daya,B-Spek
gan,O
tambah,B-Request
hdd,B-Spek
tb,B-SatuanMemory
sama,O
ssd,B-Spek
gb,B-SatuanMemory
jadi,O
berapa,O
min,O
total,B-Harga
nya,O
maaf,O
tanya,O
dulu,O
min,O
kalau,O
main,B-Game
truck,B-Game
simulator,E-Game
mentok,O
setting,B-performance
cuma,O
mau,O
nanya,O
req,B-Request
game,B-Game
gan,O
kalau,O
pakai,O
game,B-Game
microsoft,B-Game
flight,I-Game
simulator,E-Game
frame,B-GamePerformance
drop,B-GamePerformance
nya,O
apa,O
fps,B-GamePerformance
rata,B-GamePerformance
nya,O
min,O
minecraft,B-Game
berapa,O
fps,B-GamePerformance
min,O
mau,O
beli,B-Bayar
soal,O
min,O
hardisk,B-Spek
nya,O
kalau,O
ubah,B-Request
tb,B-SatuanMemory
apa,O
perlu,O
tambah,B-Request
biaya,B-Harga
kalau,O
mau,O
ubah,B-Request
min,O
ready,B-Ketersediaan
gan,O
