slang,formal
woww,wow
aminn,amin
met,selamat
netaas,menetas
keberpa,keberapa
eeeehhhh,eh
kata2aa,kata-kata
hallo,halo
kaka,kakak
ka,kak
daah,dah
aaaaahhhh,ah
yaa,iya
smga,semoga
slalu,selalu
amiin,amin
kk,kakak
trus,terus
sii,sih
nyenengin,menyenangkan
bgt,banget
gemess,gemas
akuuu,aku
jgn,jangan
udah,sudah
gitu,begitu
aja,saja
gemesiin,menggemaskan
menyenangkn,menyenangkan
rb,ribu
akau,aku
saranin,menyarankan
nemuin,menemukan
yah,iya
mnis2,manis-manis
gtu,begitu
tu,itu
idolaa,idola
bangett,banget
kaakk,kak
baaiikkk,baik
telaatt,telat
kaak,kak
yg,yang
lg,lagi
skarang,sekarang
sempet,sempat
karna,karena
ngga,tidak
mantep,bagus
loohhh,
yeee,iya
baguuuuus,bagus
sampe,sampai
ngiakutin,mengiakuti
gayany,gaya
bnk,abang
awaas,awas
siip,sip
abizzzz,habis
kerrrrennnn,keren
sayaa,saya
pengen,mau
kpan,kapan
sma,sama
sdkit,sedikit
bngt,banget
lgu,lagu
bener2,benar-benar
kharisma,karisma
aq,aku
jdi,jadi
lgi,lagi
gk,tidak
kek,seperti
kereeeeennnn,keren
main,memakan
lakik,laki
siippp,sip
bkn,tidak
nyangka,menyangka
bangettt,banget
kereeen,keren
hhhhh,
tp,tapi
inget,ingat
bingitsss,banget
dmn,dimana
bird,biru
kalauo,kalau
gimna,bagaimana
tuuh,
nyebur,mencebur
yng,yang
dbuat,dibuat
kn,kan
org,orang
pingin,mau
abangcat,abangsat
yha,iya
waoohhh,
pngn,mau
tmpt,tempat
dhe,
indahhh,indah
bgttt,banget
h,
berarto,berarti
ga,tidak
aamiin,amin
amiiinn,amin
dgn,dengan
aminnnn2,amin-amin
amiiiin,amin
aminnn,amin
amind,amin
yaaa,iya
ameen,amin
aminnnn,amin
amiiinnn,amin
ngomong,membicarakan
mamer,memamerkan
keles,kali
jelase,jelas
liat,lihat
sombongk,sombong
ntar,nanti
bs,bisa
gini,begini
salfok,salah foakus
njir,
piiink,pink
astgfrullah,astagfirullah
ko,kok
cd,celana dalam
gbs,tidak bisa
bhs,bahasa
yaaaaaa,iya
gak,tidak
abangshad,abangsat
stagahhhh,astaga
kpn,kapan
iooo,lu
dy,dia
d,ada
mslh,masalah
qt,kita
plampiasannn,pelampiasan
masalahh,masalah
tohh,toh
inghinn,ingin
dhi,di
mengherthii,mengerti
yanckh,yang
chelalyyu,selalu
therchakitty,tersakiti
mauuuuu,mau
kaliii,kali
banget,banget
bkin,bikin
dongg,dong
yokkk,mari
yu,mari
sweger,segar
gantengg,ganteng
bingiit,banget
kebukaaa,terbuka
tpi,tapi
keliatan,kelihatan
yakk,iya
sepertik,seperti
asliii,asli
kyk,seperti
cntik,cantik
bat,banget
ngeliat,melihat
sll,selalu
bet,banget
njerr,
bingiiittttzzzz,banget
k,kak
klo,kalau
dooong,dong
masi,masih
gni,begini
hdk,hendak
jugaa,juga
mksud,maksud
aj,saja
tetep,tetap
mbakx,mbak
syantik,cantik
kite,kita
pa,apa
mksd,maksud
bejilbb,berjilbab
masio,masih
yahhh,ya
makasih,terima kasih
leh,boleh
ugaaa,juga
jerewi,jerawat
ilang,hilang
jilbabah,jilbab
yuuuk,mari
warnaaa,warna
puaa,pu
cantiik,cantik
sukaaak,suka
kebayaa,kebaya
mantes,pantas
merekaaaa,mereka
jugaaa,juga
gilaaaa,gila
tiga2,tiga-tiga
lucuu,lucu
emessss,gemas
ucullllll,lucu
males,malas
abangeettt,banget
gemesshh,gemas
apaaa,apa
ampuunn,ampun
ciuuuummmm,cium
mbil,sambil
ngmng,membicarakan
ngemeng,membicarakan
epe,apa
seehh,sih
yank,sayang
ucul,lucu
yahh,ya
gw,saya
ngakak,mengakak
astagfirrullah,astagfirullah
rr,
mnta,minta
syg,sayang
ntik,cantik
pny,punya
dapet,dapat
suru,suruh
lucuuuu,lucu
ketawakkkk,ketawa
kya,kaya
bnget,banget
nakutin,menakutkan
malingg,maling
cocokk,cocok
niihh,nih
imutttttt,imut
satuuuuu,satu
sesekk,sesak
nafass,nafas
bgtt,banget
cintaaaaaaa,cinta
lucuk,lucu
ma,sama
duluu,dulu
megang,memegang
kawinin,mengawini
liatin,memperlihatkan
ny,
d,di
bdan,badan
aa,
gemesin,menggemaskan
fotoin,memfoto
ngaku,mengaku
kaaa,kak
ganteng2,ganteng-ganteng
pcarny,pacar
kri,kiri
knpa,kenapa
pda,pada
cmn,cuma
gara2,gara-gara
garuk2,garuk-garuk
dindingk,dinding
namax,nama
kiriii,kiri
bungakusin,bungakuskan
atu,satu
hhh,
kakk,kak
ngegantiin,menggantikan
al,allah
smpe,sampai
msh,masih
trsa,terasa
khadiran,kehadiran
fikiran,pikiran
hayalanaku,khayalanaku
bru,baru
nton,menonton
ngapain,mengapai
surgaa,surga
kangenn,kangen
kgn,kangen
kakkkkk,kak
rinduuuuuuuuu,rindu
ninggalin,meninggalkan
smg,semoga
terangkhn,terangkan
bgtttt,banget
knp,kenapa
tuk,untuk
slama,selama
orng,orang
bngunlah,abangunlah
bngun,abangun
ea,iya
qu,aku
hiri,hari
"teman""ny,teman-teman,"
aza,saja
dr,dari
alm,almarhum
skrg,sekarang
sie,sih
benet,benar
bangetttt,banget
tuu,
skrang,sekarang
gda,tidak ada
gantiin,menggantikan
kta,kata
kklau,kalau
acra,acara
kasian,kasihan
yaaa ,iya
bnerr,benar
emk,emak
temenn,teman
pngenn,mau
terkenall,terkenal
ajhh,saja
sungguh2,sungguh-sungguh
mnjadi,menjadi
shbt,sahabat
bner,benar
ktny,kata
dimusiumin,dimuseumkan
bntu,bantu
dlu,dulu
udh,sudah
kangem,kangen
amiiin,amin
smua,semua
slmt,selamat
jln,jalan
"mudh""an,mudah-mudahan,"
tenny,tenang
sdh,sudah
t,ta
blm,belum
td,tadi
sblm,sebelum
bole,boleh
lahhh,lah
maap,maaf
cm,cuma
kmrn,kemarin
wkt,waktu
ama,sama
ak,aku
lht,lihat
biasa2,biasa-biasa
mnrtakuu,menurutaku
trs,terus
iakutin,mengiakuti
jdwl,jadwal
wajiiib,wajib
aaaammmiiiinnnn,amin
dtnggu,ditunggu
jan,jangan
akunjungin,akunjungi
lagiiii,lagi
waktuaa,waktu
diluangin,diluangkan
jga,juga
mimin,admin
istimewaaa,istimewa
blom,belum
nangis,menangis
"ngaku"",mengaku-ngaku,"
diaa,dia
donkk,dong
kejawab,terjawab
yaaaa,iya
seru2an,seru-seruan
mohom,mohon
kebalas,terbalas
iakutin,iakuti
nyempetin,menyempatkan
wktu,waktu
kaaaa,kak
ngobrol,mengobrol
namain,menamai
bls,balas
ijap,ijab
kobul,kabul
co,cowok
pst,pasti
inggat,ingat
brdua,berdua
masing2,masih
sanggat,sangat
siipp,sip
laa,lah
dlm,dalam
hdup,hidup
hdp,hidup
kedpan,kedepan
smoga,semoga
mndaptkan,mendapatkan
"nutup""in,menutup-nutupi,"
liatin,perlihatkan
iyah,iya
sja,saja
kakkk,kak
za,saja
mulut2,mulut-mulut
peengn,mau
tuch,
muantteepp,bagus
cpt,cepat
mrit,merit
y,iya
ngapasih,mengapa sih
ni,ini
segitu,sebegitu
fto,foto
pke,pakai
sisain,menyisakan
slamt,selamat
nantiii,nanti
edaaan,edan
emg,memang
tunggu2,tunggu-tunggu
sehat2,sehat-sehat
ciyeeeeeee,cie
pantes,pantas
lairan,kelahiran
jm,jam
ajha,saja
aaa,
ri,mencari
amiien,amin
terbaikkk,terbaik
ayahh,ayah
ae,saja
ndak,tidak
ngerti,mengerti
mrekaaaa,mereka
yaampuuuunnnn,ya ampun
nyiin,menyikan
ahhh,ah
pgen,mau
tempt,tempat
kh,kah
bgini,begini
brani,berani
km,kamu
jalan2,jalan-jalan
asyikkkkk,asyik
iriiiii,iri
ngajak,mengajak
naaaaahh,nah
kka,kakak
yak,iya
ttep,tetap
sperti,seperti
jrang,jarang
msuk,masuk
gossip2.an,gosip-gosipan
makkk,mak
sayae,saya
pengennn,mau
gilzz,gila
ru,meru
gilaaa,gila
jd,jadi
kebarat2an,kebarat-baratan
ohh,oh
baguss,bagus
jgan,jangan
mlu,malu
payahh,payah
ntaf,bagus
beneran,benaran
"mudah""n,mudah-mudahan,"
gada,tidak ada
milikin,memiliki
kamo,kamu
inih,ini
sukaaaa,suka
sukaaaaaa,suka
kirain,mengira
mehoonggggg,mahal
epokkkk,epok
yach,iya
kereenn,keren
ginii,begini
ayoook,ayo
ii,
gituuu,begitu
iyaaa,iya
pgn,mau
liptsk,lipstik
nyeplak,menjiplak
cw,cewek
kmarin,kemarin
mengncang,memperkencang
tauu,tahu
ksh,kasih
skrng,sekarang
mksh,terima kasih
ank,anak
skitar,sekitar
ktmu,ketemu
tmen,teman
ats,atas
donk,dong
heii,hai
diputusin,diputuskan
pcr,pacar
mnjual,menjual
ngadain,mengadakan
kkak,kakak
rekomentardasiin,merekomentardasikan
sihhh,sih
cooocok,cocok
mrip,mirip
mama.nyy,mama
bosenin,membosankan
kmu,kamu
bukn,tidak
sey,sih
cantikkk,cantik
abanger,banget
kaa,kak
eakyu,waktu
doeloe,dulu
cantikkkk,cantik
bngtt,banget
iyak,iya
malh,malah
mlah,malah
ngak,tidak
laki2,laki-laki
gag,tidak
fhoto,foto
bleh,boleh
brp,berapa
tnggl,tanggal
tanteny,tante
ky,kaya
sklia,sekali
ayoo,ayo
w,saya
dramaa,drama
niiih,nih
bisaa,bisa
lha,lah
dunk,dong
lihaat,lihat
yuwkkk,mari
nnti,nanti
editannn,editan
mw,mau
thu,
mai,mau
kamuu,kamu
pastii,pasti
bisaaa,bisa
kejuu,keju
kereen,keren
nama.a,nama
kmauan,kemauan
ahhhh,ah
yuuuuk,mari
dmana,dimana
disiniii,disini
cobaa,coba
bayangin,bayangkan
yaudh,ya sudah
dl,dulu
ajaaa,saja
hh,
amploppp,amplop
mo,mau
sayangg'',sayang-sayang
nantii,nanti
aminnnnn,amin
gakuat,tidak akuat
marikkk,mari
nged,banget
nantik,nanti
ksitu,kesitu
abangeett,banget
liad,lihat
kluarga,keluarga
biasahhh,biasa
tutorialx,tutorial
dpke,dipakai
kerenn,keren
binggo,banget
rekomndd,rekomentardasi
bli2n,beli-belikan
bwt,buat
wado,waduh
guaa,gua
yaakkk,iya
bangetttttyt,banget
bangettttt,banget
abangg,abang
kangeeeeeeeeennnnnnnn,kangen
kaliannnnnn,kalian
rinduuuuuuuuuu,rindu
kangennnnnmnnnnnnnnnnnnnnnnn,kangen
kaliannnnnm,kalian
kangeeeeeeeeeeennnnn,kangen
kangennnnnnnnnnnnnnnn,kangen
kangennn,kangen
kaliannnnnnn,kalian
th2,tahun-tahun
smpt,sempat
blg,bilang
trserah,terserah
ad,ada
cwo,cowok
prnah,pernah
wlwpun,walaupun
trpsah,terpisah
klw,kalau
mmg,memang
prsatukn,persatukan
g,tidak
slh,salah
ngomng,membicarakan
mdh2an,mudah-mudahan
sm,sama
skedar,sekadar
kangeeerrn,kangen
pulak,pula
terrrrbaik,terbaik
jorookk,jorok
ihhhhh,ih
padahall,padahal
jorokkkk,jorok
mualll,mual
klow,kalau
muke,muka
ajh,saja
taiiii,tahi
seneeeeeng,senang
nyesel,menyesal
besarin,membesarkan
tang,tayang
ber2,berdua
jngan,jangan
ngelarang,melarang
kerreeen,keren
pantess,pantas
bngettt,banget
baperr,bawa perasaan
sudh,sudah
sbr,sabar
pngen,mau
nntn,menonton
ht,hati
pemainy,pemain
jg,juga
aqu,aku
baper,bawa perasaan
akn,akan
mpe,sampai
kbawa,terbawa
bradegan,beradegan
amiiinnnn,amin
mlm,malam
nikahin,menikahi
hadeuh,aduh
mbung,membung
liyat,lihat
krn,karena
sk,suka
adengan,adegan
engga,tidak
bingit,banget
dapetin,mendapati
model2,model-model
sitayngin,ditayangkan
cocokkk,cocok
mahhhh,mah
cocokny,cocok
iniw,ini
q,aku
setju,setuju
bnern,benaran
pcrn,pacaran
klian,kalian
cocokkkk,cocok
bngett,banget
abes,habis
br,baru
mksdny,maksud
brpa,berapa
ihh,ih
kesampean,kesampaian
beginiiii,begini
ntr,nanti
beliin,membelikan
keq,kek
ngerasa,merasa
sygakuu,sayangaku
ngeselin,mengesalkan
baju'a,baju
gara'',gara-gara
teruss,terus
pokok'a,pokok
bg,abang
ubur2,ubur-ubur
akuyy,mari

dureen,duren
ajibb,ajib
mahall,mahal
marik,mari
niiihh,nih
imuuttt,imut
imuttzz,imut

konten2,konten-konten
rasain,merasakan
daaaah,
asliiii,asli
cantiknnnaaaaaa,cantik
yuuk,mari
ngelihat,melihat
bdn,badan

ibu2,ibu-ibu
lau,kau
cantikk,cantik
sexxi,seksi
bulet,bulat
ituu,itu
ngocok,mengocok
nyoba,mencoba
gn,begini
yaahhh,ya
kencqng,kencang
kra,kira
diginikan,dibeginikan
"coret"",coret-coret,"
lahh,lah
gambarin,gambarkan
ngerii,ngeri
digambarin,digambarkan
klen,kalian
abangke,abangkai
kog,kok
bedaaa,beda
negri,negeri
mbk,mbak
pgin,mau
krudungan,kerudungan
ajaa,saja
maksutaku,maksudaku
kerennnnn,keren

jd'y,jadi
manisaaa,manis
thun,tahun
mbg,mbak
abangeet,banget
ngaco,mengaco
ngomen,mengomentari
kaaakk,kak
gi,begitu
tenggah,tengah
uuuuuaaaaaaaaaappppppppppiiiiiiiiiiiiiiiiiikkkkkkkkkkkkkkkk,keren
kocakkkkkkkkkkkkkk,kocak
ksukaanmuuu,kesukaanmu
bagiii,bagi
ayooo,ayo
nontonx,menonton
dpn,depan
pi,tapi
penasarannnn,penasaran
gilakkkkkk,gila
mauuu,mau
nontoonnn,menonton
cepet2,cepat-cepat
kepingin,mau
nontonnnn,menonton
deeek,adik
ntappp,bagus
deg2an,deg-degan
cyiiin,cinta
iyha,iya
akureeeen,keren
muantaap,bagus
pake,pakai
ngantri,mengantri
bli,beli
nraktir,mentraktir
nonton,menonton
sbk,sebak
penasaraaann,penasaran
ayoooo,ayo
nii,ini
nonto,menonton
k,ke
kl,kalau
nunggu,menunggu
dpt,dapat
qta,kita
peen,mau
lw,lu
gga,tidak
yaah,ya
asikkk,asik
gilak,gila
mcm,macam
ceritax,cerita
yoooiii,
daah,
akuy,mari
udahh,sudah
tauuuuu,tahu
sabarrrrr,sabar
kqmu,kamu
abanggain,abang
thn,tahun
pengan,mau
sendeng,senang
simpen,simpan
gakk,tidak
bagiin,bagikan
nanggepin,menanggapi
kapn,kapan
barang2,barang-barang
kirimin,mengirimi
senengin,senang
ngasih,mengasih
ampunnnn,ampun
bln,bulan
senengg,senang
teruzzz,terus
bagusb,bagus
sumpahh,sumpah
diluarann,diluaran
trbaik,terbaik
dlam,dalam

jendess,janda

sichh,sih
nam,nama

nggak,tidak
22,dua-dua
aduuhhh,aduh
miripp,mirip
silauuu,silau
waww,wow
uga,juga

bgs,bagus
kesinii,kesini
gemay,gemas
dstu,disitu
wiiiihhhh,
samoga,semoga
kereennn,keren

hasilaa,hasil
dahhhh,dah
mudah2,mudah-mudah
jugaakk,juga
prnh,pernah
diapa2in,dipengapakan
yaak,iya

donx,dong
gthu,begitu
nda,tidak
maauuu,mau
pacarrr,pacar
idamann,idaman
naturalllll,natural
berntung,beruntung
merka,mereka
jln2,jalan-jalan
romntis,romantis
slamat,selamat
ulan,ulang
th,tahun
mngkin,mungkin
klau,kalau
diksi,dikasih
sipp,sip
taun,tahun
jugak,juga
nungguin,menunggu
ngeluarin,mengeluarkan
keciill,kecil
ughaa,juga
"tante"",tante-tante"
abanged,banget
abeees,habis
kapan2,kapan-kapan
adain,mengadakan
bsa,bisa
bosen2,bosan-bosan
sempurnaaaaa,sempurna
kaan,kan
kece2,keren
badaaiii,badai
beneraan,benaran
cantiiik,cantik
akuatttt,kuat
cantiiiiiiik,cantik
cantikaa,cantik
bae2,baik-baik
bgd,banget
mb,mbak
catiiiiik,cantik
subahanallah,subhanallah
jaman2,jaman-jaman
padet,padat
buktiin,buktikan
cantiq,cantik
"pasien"",pasien-pasien,"
utk,untuk
keeeerrrreeeennnnnnnnn,keren
woow,wow
buktiin,membuktikan
hadirrr,hadir
hadirr,hadir
jelashh,jelas
sekali2,sekali-kali
mbaaa,mbak
temen,teman
hidupppp,hidup
nyebelin,menyebalkan
diliat,dilihat
abis2,habis-habis
gpp,tidak apa-apa
para2,parah-parah
abangeeet,banget
allahhhhhhh,allah
gemes,gemas
ilang2,hilang-hilang
kmi,kami
ngilangin,menghilangkan
tbuh,tubuh
itungan,hitungan
leadikn,ledekin
tmn2,teman-teman
repot2,repot-repot
oles2,oles-oles
cakup,cakup
dptkan,dapatkan
artis2,artis-artis
kalii,kali
ninggiin,meninggikan
baget,banget
dri,dari
kira2,kira-kira
lgsg,langsung
ngk,tidak

pas2an,pas-pasan
balesin,membalas
gausah,tidak usah
sukaaa,suka
lutuna,lucu
ciapa,siapa
gemesss,gemas
duhh,duh
terharuuu,terharu
alamii,alami
sampek,sampai
ckrng,sekarang
ngegemesin,menggemaskan
imoet,imut
imut2,imut-imut
jagain,jaga
yahbh,ya
msih,masih
macem2,macam-macam
sktika,seketika
lutu,lucu
wowwww,wow
massss,mas
kesiniii,kesini
"keren"",keren-keren"
"jalan"",jalan-jalan"
masyaallahhh,masyaallah
kerennn,keren
ksni,kesini
bodohk,bodoh
bkan,tidak
jgk,juga
bawak,bawa
it,itu
nti,nanti
pgi,pagi
keeeeeren,keren
baguusss,bagus
mna,mana
nahannnn,tahan
bagaatt,banget
gayannxa,gaya
kereeeen,keren
uda,sudah
ngekeh,kekeh
xlian,kalian
b3,bertiga
ihhh,ih
lcu,lucu
pait,pahit
koplakkk,koplak
kerass,keras
yachhh,ya
gokil,gila
ngelawak,melawak
iiihhhhh,ih
nyolotinnnn,menyolot
beratttttttt,berat
cantiikkkk,cantik
hijaabbb,hijab
sekalii,sekali
smnagatin,menyemangati
pakek,pakai
kanapa,kenapa
cans,cantik
banhet,banget
ahhhh,
bgttttttt,banget
blng,bilang
mngasi,mengasih
kmabang,kemabang
pg,pagi
nie,ini
pla,pula
kw,kau
blakon,berlakon
sy,saya
nmpk,nampak
bngtzt,banget
lucukkkkk,lucu
sbelah,sebelah
baek,baik
ciusss,serius
palinf,paling
fav,favorit
maak,mak
ngakaaaakkk,mengakak
gokill,gila
kocakkkkkk,kocak
ngekek,mengekek
capee,cape
pegangin,memegang
nyender,mendar
bener,benar
manjain,memanjakan
peleotin,meleot
bng,abang
termurahhhh,termurah
takan,metakan
graaatiiiis,gratis
meriahh,meriah
cantikkkm,cantik
parahh,parah
bingits,banget
yuppss,iya
nyindir,menyindir
onoh,sana
bnyk,bak
anakny,anak
staf2,staf-staf
begete,banget
aduhh,aduh
manteppp,bagus
hati2,hati-hati
jangan2,jangan-jangan
kata2,kata-kata
ynk,sayang
"nangis"",menangis-nangis,"
"hati"",hati-hati,"
"jangan"",jangan-jangan,"
emank,memang
jagain,menjaga
cr,cara
diemin,diamkan
hancurin,menghancurkan
ckp,cukup
mgkn,mungkin
ato,atau
diapain,diapakan
ms,masih
haragain,menghargai
cb,coba
suda,sudah
menyakitin,menyakiti
jgn2,jangan-jangan
sbaik,sebaik
mngerti,mengerti
blajar,belajar
fakta2,fakta-fakta
spt,seperti
mnding,mending
nilai2,nilai-nilai
buka2,buka-buka
nyinyirin,nyinyir
pdhl,padahal
pd,pada
nyerang,menyerang
hrs,harus
mrk,mereka
trima,terima
ngomomg,membicarakan
mang,memang
kbetulan,kebetulan
orgtua,orang tua
sbelum,sebelum
ngamatin,mengamati
ngintip,mengintip
stelah,setelah
sndiri,sendiri
ngintilin,mengintil
smnjak,semenjak
trbukti,terbukti
menyabet,meyambat
msk,masuk
krmh,ke rumah
rmh,rumah
bo'ong,bohong
eloo,lu
apa2,apa-apa
bodohkk,bodoh
sesatt,sesat
ibliss,iblis
elo,kamu
kbiasaan,kebiasaan
lbh,lebih
byk,bak
tdr,tidur
sbuah,sebuah
anak2,anak-anak
ank2,anak-anak
milih,memilih
branjak,beranjak
masyarakay,masyarakat
mudah2an,mudah-mudahan
menegerti,mengerti
sok2,belagu
nasehatin,menasihati
ngaca,mengaca
ajah,saja
kakkkk,kak
slamet,selamat
ampe,sampai
nari,menari
ehh,eh
mf,maaf
ngcpin,mengucapkan
woowwww,wow
iaa,iya
kdg,kadang
kebagi,terbagi
nerusin,meneruskan
indo,indonesia
univ,universitas
maen,main
tetapppp,tetap
gantenggg,ganteng
jakety,jaket
nggk,tidak
skli,sekali
kli,kali
ttp,tetap
pala,kepala
pusingggg,pusing
pucing,pusing
ihhhh,
maho,manusia homo
gantng,ganteng
alak,kepala
hilangv,hilang
bungggg,bung
gapap,tidak apa-apa
kyak,seperti
pling,paling
gokiiill,gila
busedh,buset
duluuu,dulu
keceee,kece
klu,kalau
gilaa,gila
amiiiiinnnnn,amin
dg,dengan
tullus,tulus
tw,tahu
pluk,peluk
durhaka2,durhaka-durhaka
kpada,kepada
"seburuk"",seburuk-buruk"
ortu,orang tua
ktaa,kita
yup,iya
tdk,tidak
tetaplaah,tetaplah
ajja,saja
dech,adik
oprasi,operasi
gya,gaya
kndung,kandung
sbg,sebagai
u,untuk
ksenangan,kesenangan
ddpt,didapat
jwab,jawab
mmbodohkan,membodohkan
orlaen,orang lain
bgtu,begitu
drpd,daripada
malem,malam
aplikasiin,mengaplikasikan
berangat,berangkat
praktekin,mempraktikkan
dahh,sudah
gmn,bagaimana
omdo,omong doang
kate,kata
cabe2,cabe-cabe
prjuangan,perjuangan
stimpal,setimpal
ddpat,didapat
sprt,seperti
bc,baca
mnilai,menilai
usahh,usah
segala2,segala-gala
sekarng,sekarang
sprti,seperti
masing2,masing-masing
mka,maka
hay,hai
mreka,mereka
bhagia,bahagia
korek2,korek-korek
ngebales,membalas
krna,karena
sihh,sih
sasama,sesama


seklian,sekalian
kluar,keluar
tuuu,itu
ngurusan,mengurusi
campurin,mencampuri
emnk,memang
py,punya
unyuu,unyu
mrangakul,merangkul
adlh,adalah
wlo,walau
bk,bak
lh,lah
manusiy,manusia
tx,tak
samara,sakinah mawadah warahmah
teringt,teringat
trmsuk,termasuk
dn,dan
pilihnmu,pilihanmu
swmntara,sementara
trmasuk,termasuk
orang2,orang-orang
sgt,sangat
liht,lihat
suaminy,suami
jadul,jaman dulu
mantaff,bagus
ngata2in,mengata-ngatai
bagaimna,bagaimana
mulusssss,mulus
bgus,bagus
gmana,bagaimana
kpleset,kepleset
yawlah,ya allah
kepeleset,kepleset
kayanye,sepertinya
amiinnnn,amin
komentar2an,komentar-komentaran
wewww,wow
dumsss,dong
tar,nanti
keq,seperti
perbaikin,memperbaiki
permasalhkan,permasalahkan
betul2,betul-betul
jauhin,jauhi
dateng,datang
adiik,adik
manisss,manis
"besar"",besar-besar,"
"masing"",masing-masing,"
ddlm,di dalam
kmbali,kembali


ttg,tentang
rata2,rata-rata
lbih,lebih
byk,banyak
critamu,ceritamu
ja,saja
dh,dah
bres,beres
cmkn,camkan
diurusin,diurusi
biarin,biarkan
kale,kali
donks,dong
"membanding"",membanding-banding,"
mengperbolehkan,memperbolehkan
krena,karena
ngri,negeri
"dingin"",dingin-dingin,"
lma,lama

ngebolehin,membolehkan
denger,dengar
"jelek""in,menjelek-jelekkan,"
stiap,setiap
gausa,tidak usah
maksain,memaksakan
smog,semoga
mnerima,menerima
baikxa,baik
aaamin,amin
sekangen2,sekangen-kangen
kt,kita
amiiiiiiiiiinnnnnnn,amin
nolongin,menolong
amiiiiiiiiiiin,amin
seluru,seluruh
tebir,ribet
doangam,doang
"tebir"",ribet-ribet,"
amad,amat
mkst,maksud
rempong,repot
ngurusin,mengurusi
kerjaan,pekerjaan
bingittzz,banget
bangets,banget
ikh,ih
nengok,menengok
bante,bantai
la,lah
komentaran,komentar
hadapin,menghadapi
dengarin,mendengarkan
ush,usah
cock,cocok
widihh,waduh
mantepp,bagus
cita2,cita-cita
temen-temen,teman-teman
stu,satu
syrat,syarat
pnjang,panjang
shat,sehat
inginkn,inginkan
belanjaa,belanja
burem,buram
tlp,telepon
dngan,dengan
ngka,mengka
ngerasain,merasakan
kancang,kencang
tmbh,tambah
mansyoallah,masyaallah
skali,sekali
canttttikkk,cantik
subhanal,subhanallah
saranin,sarankan
lakuin,lakukan
langgenh,langgeng
foto2,foto-foto
tanggung2,tanggung-tanggung
salluutt,salut
pkai,pakai
org2,orang-orang
mkn,makin
seneng,senang
pdng,padang
warbiyasah,luar biasa
pk,pakai
keedaan,keadaan
lagu2,lagu-lagu
saya2,saya-saya
sekrng,sekarang
ttap,tetap
mrah,marah
gra2,gara-gara
sngaja,sengaja
jlek,jelek
udah2,sudah-sudah
ungkit2,ungkit-ungkit
pura2,pura-pura
gatau,tidak tau
curhat2,curhat-curhat
matany,mata
dteng,datang
mata'y,mata
baju2,baju-baju
buruannn,buruan
emng,memang
perubut,perebut
sumai,suami
tk,tidak
urusin,mengurusi
apah,apa
bagus2,bagus-bagus
say,sayang
mmbela,membela

sndri,sendiri
sj,saja
llki,lelaki
dluar,diluar
sna,sana
boleh2,boleh-boleh
dya,dia
maluuuu,malu
beda2,beda-beda
ranin,menyarankan
x,kali
tongolin,menongol
cabol,cabul
ape,apa
nyet,monyet
muna,munafik
jing,anjing
nihh,nih
hidiyah,hidayah
percya,percaya
bgi,bagi
tlg,tolong
sya,saya
sdri,sendiri
tdi,tadi
mgkin,mungkin
bhwa,bahwa
skaligus,sekaligus
y,saya
cek2,cek-cek
spti,seperti
smakin,semakin
sbgai,sebagai
mgk,mungkin
bgmn,bagaimana
sapa2,sapa-sapa
sama2,sama-sama
dng,dengan
termurahhh,termurah
bbrp,beberapa
bhw,bahwa
baaaaaak,bak
baik2,baik-baik
tunjukan,tunjukkan
anak2mu,anak-anakmu
ngasih2,mengasih-ngasih
berfikir,berpikir
ni,nih
amit2,amit-amit
mba,mbak
elu,lu
ngajuin,mengajukan
tiba2,tiba-tiba
jkt,jakarta
terbaeq,terbaik
namany,nama
jels,jelas
diakibtkn,diakibatkan
suk,suka
jelek2,jelek-jelek
dsrny,dasar
jkrta,jakarta
mantaap,bagus
benar2,benar-benar
main2,main-main
lanjutkaaaaan,lanjutkan
hiduppp,hidup
majuuu,maju
teruuss,terus
kdg2,kadang-kadang
sebelumbya,sebelum
tunjukin,tunjukkan
"tahun"",tahun-tahun,"
komentart,komentar
mpein,mempaikan
hokiii,hoki
naksir,menaksir
"abangt"",banget-banget,"
nafkahin,menafkahi
ngitem,menghitam
baaaak,bak
"sama"",sama-sama,"
gx,tidak
lhat,lihat
cantika,cantik
cwek,cewek
kngen,kangen
fillm,film
sinet,sinetron
jendral,jenderal

mae,main
cantiks,cantik
pilm,film
taon,tahun
ndak,tidak
slah,salah
beliin,belikan
cini,sini
jaaangan,jangan
nambah,bertambah
naek,naik
terimaksih,terima kasih
inii,ini
kaannnn,kan
tidakkkk,tidak
kemuh,kamu
da,sudah
keren2,keren-keren
sby,surabaya
tgl,tanggal
pinginnn,mau
buanget,banget
ketemuuu,ketemu
kebawa,terbawa
mimpiii,mimpi
wanjerrr,astaga
satupunn,satupun
motret,memotret
temen2,teman-teman
lapakk,lapak
nyeniii,menyeni
bget,banget
seeh,sih
abis,habis
deuhh,duh
b2an,berduaan
dihargain,dihargai
"engga"",tidak-tidak,"
tahun2,tahun-tahun
lebayy,lebay
gilsss,gila
dech, deh
nganbek,mengambek
sukaa,suka
enk,enak
njir,astaga
mendam,memendam
manta,mantan
relaaaa,rela
bgun,bangun
tdur,tidur
cntk,cantik
knl,kenal
anugrah,anugerah
slm,salam
kliatan,kelihatan
awoohhh,allah
cantiikk,cantik
gt,begitu
sbbnyak,sebanyak
apun,apapun
ngakut,mengakut
untk,untuk
ampunnnnn,ampun
hy,hai
wadaaw,waduh
paraah,parah
sampw,sampai
dijelekin,dijelekkan
napa,kenapa
azeeeek,asik
ntikk,cantik
uhh,uh
mayan,lumayan
mnisss,manis
tambahim,tambahkan
tambahin,tambahkan
"bener"",benar-benar,"
make,memakai
canttikkk,cantik
baanggeettt,banget
ap,apa
siiihh,sih
krpoooo,kepo
pengn,mau
nyusul,menyusul
nyok,mari
adikkk,adik
da,ada
ngiri,mengiri
mmang,memang
nentuin,menentukan
mnjmput,menjemput
ygs,sayang

mblooo,jomblo
ber'expresi,berekspresi
jdul,judul
ciumman,ciuman
aurot,aurat
laginy,lagi
alkhamdulilah,alhamdulillah
kt,kata
selaluu,selalu
ngeh,engah
amen,amin
qm,kamu
nahhh,nah
sampai2,sampai-sampai
hal2,hal-hal
komunitas2,komunitas-komunitas
fotony,foto
halllo,halo
ngiritya,mengirit
hematt,hemat
ciyeeee,cie
yeeee,iya
nget,banget
akusus,khusus
krm,kirim
sam,sama
ajaaahhhhh,saja
syediiihhh,sedih
malangg,malang
belooomm,belum
yaakk,iya
kebukti,terbukti
anak2e,anak-anak
tuwa,tua
comen2,komentar-komentar
pedesssss,pedas
jelas2,jelas-jelas
skg,sekarang
nyebut2,menyebut-nyebut
plg,pulang
smbil,sambil
hellooooooo,halo
ngrebut,merebut
mnjdi,menjadi
taek,tahi
lupain,melupakan
abangkret,abangkrut
taekk,tahi
lahhhhhh,lah
kedokk,kedok
"mati""an,mati-matian,"
nyimak,menyimak
komentarx,komentar
serem2,seram-seram
"ngumpet"",mengumpet-ngumpet,"
blim,belum
sekrang,sekarang
ngerebut,merebut
mnjijikaaaaaan,menjijikkan
astgfrlh,astagfirullah
sahabatt,sahabat
gnyngka,tidak menyangka
sendirir,sendiri
brengsekk,brengsek
ngoment,mengomentari
nusuk,menusuk
skr,sekarang
dpotong,dipotong
helo,halo
kmrin,kemarin
ngmgin,membicarakan
bilangg,bilang
gkhianati,mengkhianati
kpd,kepada
hr,hari
sp,siapa
pljaran,pelajaran
spy,supaya
mngiakuti,mengikuti
klakuan,kelakuan
dibikin2,dibikin-bikin
gimana,bagaimana
nnt,nanti
cew,cewek
cow,cowok
kasiannn,kasihan
syekaliii,sekali
hgga,hingga
cieeeee,cie
sholihah,salihah
adeuh,aduh
halahh,alah
luu,lu
yuuks,mari
yoo,ayo
ginian,beginian
judula,judul
ayoookkkkkk,ayo
artix,arti
cewe,cewek
cowo,cowok
lt,lantai
"nama"",nama-nama,"
cwe,cewek
serem,seram
kepoin,penasaran
keluarin,mengeluarkan
gajelas,tidak jelas
mbak2,mbak-mbak
pedes,pedas
omongin,membicarakan
ngalirrrrr,mengalir
idup,hidup
nmbah,bertambah
terossss,terus
ngehujat,menghujat
dosaa,dosa
ngebela,membela
seindonesiyah,seindonesia
seh,sih
senyumn,senyum
mh,mah
ngalir,mengalir
ngrusak,merusak

kslhn,kesalahan
emang,memang
kalik,kali
bilangin,bilang
mbungin,membung
sllu,selalu
scra,secara
nggali,menggali
cmpur,campur
dgr,dengar
akurng,kurang
nangiiiiis,menangis
nangiiis,menangis
ngomnantiin,mengomentari
woey,woy
bloghhh,bodoh
ngomongin,membicarakan
doank,doang
"abal"",abal-abal,"
dikata2in,dikata-katai
ngehina,menghina
gmna,bagaimana
keabanggan,keabanggaan
dah,sudah
jngn,jangan
mnjawab,menjawab
woooiiiiiiii,
dosaaaaaaaaaa,dosa
ingt,ingat
karmaaa,karma
woooiiiii,
ngkkkkkk,mengakak
makny,mak
wdooohhh,waduh
kasihn,kasihan
lhirr,lahir
hujatann,hujatan
palgi,apalagi
kakakkk,kakak
bagusss,bagus
jt,juta
ngets,banget
stp,setiap
penbelian,pembelian
cuaantik,cantik
sukakkk,suka
cucokkk,cocok
lyt,lihat
expresi,ekspresi
natap,menatap
ccok,cocok
helloo,halo
dripada,daripada
difotoin,difoto
psangan,pasangan
cakepp,cakep
ngiriii,mengiri
coxok,cocok
buatin,buatkan
nihhh,nih
statusx,status
cem,macam
yee,iya
sunggu,sungguh
lagiii,lagi
ammiiin,amin
had,aduh
maaasss,mas
segerrrr,segar
kemn,kemana
suipit,sipit
sipiit,sipit
kedengeran,kedengaran
semangaatt,semangat
promil,program hamil
lancr,lancar
keputihn,keputihan
gratisss,gratis
km,kami
kebayang,terbayang
"mdh"",mudah-mudah,"
bz,bisa
amiinn,amin
ammin,amin
mendapatkn,mendapatkan
lucuuuk,lucu
amaattt,amat
aje,saja
yao,yaallah
ngerayain,merayakan
sotoy,sok tau
yok,mari
buatin,membuat
d.bikinin,dibikin
mmz,mas
bikinin,bikin
bapeeeer,bawa perasaan
bikinin,membikin
siih,sih
diginiin,dibeginikan
hadeehh,aduh
suamiiiii,suami
krenn,keren
kebykan,kebakan
tingal,tinggal
pernikahn,pernikahan
ngtain,mengatai
macem,macam
bagusnyeee,bagus
kemaren,kemarin
hmpir,hampir
liataa,lihat
waw,wow
mbuh,embuh
bsk,besok
berbiiiiiihhh,barbie
canteek,cantik
teru,terus
tok,mencatok
goncengin,boncengkan
kasi,kasih
dianterin,diantar
gebleg,bodoh
dianterin,diantarkan
bosen,bosan
anterin,antar
ngantar,mengantar
nganterin,mengantarkan
mz,mas
nerima,menerima
ati2,hati-hati
yeuh,iya
kmn,kemana
anterin,antarkan
dianter,diantar
disupirin,disopiri
jidad,jidat
novembr,november
hri,hari
bedain,membedakan
genduut,gendut
ehhh,eh
bertatto,bertato
brrt,berarti
kana,kanan
dtg,datang
doong,dong
sblah,sebelah
tauuu,tahu
tengaj,tengah
ps,pas
gmpg,mudah
engk,tidak
apal,hafal
dak,tidak
rupa2,rupa-rupa
kembaq,kembar
tngh,tengah
mk,maka
prmpuan,perempuan
ketuker,tertukar
drimna,darimana
cntikan,mencantikkan
edaaaan,edan
syp,siapa
bcnda,bercanda
uhhh,uh
bazengg,bajingan
haiii,hai
bosaan,bosan
gitu2,begitu-gitu
kmana2,kemana-mana
sdg,sedang
ketaan2,ketaan-ketaan
silahkan,silakan
lwt,lewat

baek2,baik-baik
cma,cuma
berbeda2,berbeda-beda
dibkatakan,dikatakan
doonk,dong
pengiakuy,pengiakut
ngmngin,membicarakan
tuch,tuh
maksd,maksud
adkah,adakah
menbelah,membelah
amari,ayo
mngira,mengira
bertolernsi,bertoleransi
slahkan,salahkan
tolernsi,toleransi
sbnar,sebenar
ingi,ingin
oalaaaa,walah
menjelekan,menjelekkan
hadeuuh,aduh
dikemanain,dikemanakan
aneh2,aneh-aneh
bpk,bapak
baca2,baca-baca
jwb,jawab
komentar2,komentar-komentar
sebelum2,sebelum-sebelum
sbagai,sebagai
sedihh,sedih
kangennnn,kangen
gndakan,gandakan
kangeeeeeeee,kangen
gaa,tidak
ganti'kn,menggantikan
tnang,tenang
amiiiiiiiiiiiiiiiiin,amin
kgeeeen,kangen
kangeenn,kangen
abangeeeet,banget
bsok,besok
hbis,habis
mti,mati
bngetttt,banget
kangeen,kangen
bgect,banget
"kebaikan""y,kebaikan,"
dssi,disisi
kngenn,kangen
kangeeeeennn,kangen
lagii,lagi
dasyat,dahsyat
aer,air
bgni,begini
skalii,sekali
gg,tidak
dtinggl,ditinggal
terbaiiikkkkk,terbaik
murahhh,murah
pecahhg,pecah
kakakgh,kakak
terbaeeeek,terbaik
prempuan,perempuan
manteep,bagus
nggeh,iya
indonesiaaa,indonesia
inia,ini
maluu,malu
cobaaaa,coba
cepetan,cepatan
ntapsss,bagus
kamiiii,kami
smangat,semangat
qmu,kamu
sdkit2,sedikit-sedikit
tntg,tentang
pelitny,pelit
ngajarin,mengajari
laenny,lain
amiinnn,amin
scpatny,secepat
sampein,sampaikan
tuany,tua
doa2,doa-doa
pjg,panjang
adeeek,adik
bca,baca
netes,menetes
mataq,mataku
byangin,membayangkan
trjadi,terjadi
dposisi,diposisi
tanda2,tanda-tanda
dijwb,dijawab
sayy,sayang
salaam,salam
ngajar,mengajar
fto2,foto-foto
laen,lain
dallam,dalam
tentanh,tentang
nangiss,menangis
nnton,menonton
kejadianny,kejadian
klg,keluarga
sayaang,sayang
msg2,masing-masing
meluk,memeluk
siiihhh,sih
mupeng,muka mau
caya,percaya
aduhhhhhhhhh,aduh
buseett,buset
mblo,jomblo
lucuuu,lucu
gagahx,gagah
miriiiip,mirip
kaliiii,kali
niru,meniru
bpkmu,bapakmu
sangt,sangat
baang,abang
gasih,tidak sih
yuu,mari
yuuu,mari
samaa,sama
ngademin,mengadem
aahh,ah
makasi,terima kasih
keluarin,keluarkan
yokk,mari
gils,gila
ono,sana
bagiin,membagikan
suksea,sukses
temenan,berteman
sehh,sih


genggg,geng
yaw,ya allah
bh,bahan
samaaaa,sama
aabanggaku,aabang
sayanggg,sayang
dsni,disini
kokohh,engkoh
pdhal,padahal
takuttt,takut
maris,mari
pnjual,penjual
yh,iya
dung,dong
latian,latihan
aaaaaaakkk,ah
mauuuu,mau
soga,moga
tteh,teteh
sintron,sinetron
astagaa,astaga
ancurrr,hancur
iaa,iya
dblkang,dibelakang
yayang,sayang
gokillllll,gila
aplks,aplikasi
ska,suka
ktawa,ketawa
baguuus,bagus
kaaan,kan
ngepoin,penasaran
uuhh,uh
beut,banget
pengeeenn,mau
dongggg,dong
hatii,hati
besook,besok
mauu,mau
gtuu,begitu
njayyy,anjing
maacih,terima kasih
tokayyy,tahi
tp,tapi
mksdaku,maksudku
gituin,begitukan
lgsung,langsung
cba,coba
nh,nih
"ilang"",hilang-hilang,"
giniin,beginikan
ksini,kesini

ayank,sayang
anyeng,anjing
yankkk,sayang
cuakurrr,cuakur
gilaaaaaa,gila
yhaaa,ya
qaqaaaa,kakak
sayangakuuuuu,sayangku
kakakuuu,kakakku
dh,sudah
banx,abang
edannn,edan
bape,bawa perasaan
"artis"",artis-artis"
ngelahirin,melahirkan
paksain,memaksa
biasaa,biasa
hub,hubungi
hubunggi,hubungi
telimakacih,terima kasih
nerawang,menerawang
cantiiiik,cantik
didapet,didapat

pede,percaya diri

nyolot,menyolot
kakk,kakak
elahh,elah
pnting,penting

bela2in,membela-bela
marah2an,marah-marahan
wlaupun,walaupun
syantiiiiikkkkkkkkkkkk,cantik
"bwa"",bawa-bawa,"
agma,agama
hijabb,hijab
kerrennn,keren
ngetik,mengetik
ntah,entah
pan,kapan
mateeeek,mati
geetoo,begitu
sewain,menyewa
kokkk,kok
muluuu,melulu
yaaang,yang
iyaa,iya
gituu,begitu
yappp,iya
uhhhh,
bnr2,benar-benar
psgn,pasangan
ujg,ujung
rmbut,rambut
smp,sampai
kki,kaki
hamarik,ayo
ntab,bagus

mariss,mari
lihaatttt,lihat
niiiihh,nih
liattt,lihat
cuyyy,cuy
gapernah,tidak pernah
liatiii,lihat
jombsss,jomblo
emesshhh,gemas
gemeessss,gemas
poollll,pol
gemesyak,gemas ya
bngttt,banget
ngegmesin,menggemaskan
hndak,hendak
hndk,hendak
iiih,ih
lutunaa,lucu
abiz,habis
ngareppppp,mengharap
aamiinin,amin
imuutt,imut
abizzz,habis
tay,tahi
toket,tetek
tumpe2,tumpah-tumpah
lenje,manja
tuuuuh,
canti,cantik
macam2,macam-macam
"mbak"",mbak-mbak,"
ngatain,mengatakan
mbakahh,mbak
pyudara,payudara
ditutupin,ditutupi
bgitu,begitu
sich,sih
cantiik2,cantik-cantik
hati.a,hati
mk.a,maka
mlt.a,mulut
nyerocooooos,mencerocos
kyk.a,seperti
sklh,sekolah
pljrn,pelajaran
srng,sering
ngilang,menghilang
dikatain,dikatai
maluuu,malu
ngalahin,mengalahkan
brisi,berisi

pkok,pokok
astagfirullh,astagfirullah
nutupin,menutupi
hub,menghubungi
ori,orisinal
kakakaaaaaaaaaaaaaa,kakak
cantikkkkkkkk,cantik
batwc,banget
kamyuhhh,kamu
dbwh,diba
bukti2,bukti-bukti
senenggg,senang
mao,mau
murhan,murahan
prwtn,perawatan
wjh,wajah
bgettt,banget
mereka2,mereka-mereka
pakke,pakai
dipake,dipakai
ktergantungan,ketergantungan
prwatn,perawatan
ngebuktiin,membuktikan
hsl,hasil
awal2,awal-awal
setabil,stabil
maksih,terima kasih
gratiss,gratis
bbrpa,beberapa
"gara"",gara-gara,"
"benar"",benar-benar,"
ajaibb,ajaib
poko,pokok
setujuuu,setuju
digituin,dibegitukan
sekolahin,sekolahkan
ajarin,ajarkan
sendirii,sendiri
mrnghadapi,menghadapi
apalg,apalagi
naka,anakal
sdkt,sedikit
besar2in,besar-besarkan
bgmana,bagaimana
s*inetr*n,sinetron
mrusak,merusak
mndpt,mendapat
skt,sakit
sebk,sebak
terburu2,terburu-buru

ngumpat2,mengumpat-ngumpat
nantangin,menantang
ngegampar,menggampar
ngelaporin,melaporkan
salahin,salahkan
gabisa,tidak bisa
konsekwensi,konseakuensi
muliany,mulia
mungki,mungkin
lngsung,langsung
tsb,tersebut
t4,tempat
bacahalah,bacalah
dikerasin,dikerasi
gkkan,tidak akan
ngulangin,mengulangi
bedaa,beda

bol3h,boleh
ngadu,mengadu
ketauan,ketahuan
dimarahin,dimarahi
nyelesain,menyelesaikan
troma,trauma
kerasin,kerasi
kamu2,kamu-kamu
cewer,jewer
bilanh,bilang
ngapain,mengapa
jwban,jawaban
nuduh,menuduh
ngatur,mengatur
rajin2,rajin-rajin
bacaaaa,baca
kekk,seperti
jungkiir,jungkir
gunaa,guna
bales2in,balas-membalas
orangg,orang
tauuuu,tahu
byak,banyak
kepad,kepada
bantuanny,bantuan
ttinggi,tinggi
perna,pernah
grgr,gara-gara
jari2,jari-jari

bengkak2,bengkak-bengkak
komentarin,komentari
bijak2,bijak-bijak
lama2,lama-lama
menurur,menurut
tipe2,tipe-tipe
liatlah,lihatlah
teguran2,teguran-teguran
gr2,gara-gara
gamau,tidak mau
skolah,sekolah
pdahal,padahal
klas,kelas
takut,takut
gru,guru
pndah,pindah
liat2,lihat-lihat
masukin,memasukkan
dilindungin,dilindungi
kasiaannn,kasihan
miring2,miring-miring
tinggalin,tinggalkan
kaitannha,kaitan
sud,sudah
pinter,pintar
rana,ranah
thdp,terhadap
scr,secara
bhkn,bahkan
justeru,justru
ngatai,mengatai
kln,kalian
sukak,suka
termuraaahhhh,termurah
brakunjun,berakunjung
suarra,suara
"bner"",benar-benar,"
iu,itu
bgussss,bagus
kmaren,kemarin
ambilin,mengambil
biasaaaa,biasa
luuuaar,luar
redho,ridho
rezki,rezeki
kepd,kepada
luaarrr,luar
biasaaa,biasa
jadilh,jadilah
bnr,benar
terhaaru,terharu
orru,orang tua
flm,film
kalauk,kalau
adik2,adik-adik
loncatt,loncat
hampasss,hempas
tehh,teh
bunga2,bunga-bunga
apaaan,apaan
ampuuunn,ampun
daaah,dah
bangetttttt,banget

cantiiikk,cantik
suaraaaaaa,suara
idoolaaa,idola
pulaa,pula
penyi2,penyi-penyi
wiih,
apaa,apa
miriip,mirip
allaahh,allah
ajahhh,saja
trims,terima kasih
at,sehat
salammmm,salam
hari2,hari-hari
sihat,sehat
buruann,buruan
rekomentardain,rekomentardasikan
trussss,terus
abangt,banget
cepet,cepat
pesen,pesan
boong,bohong
prawatan,perawatan
mkin,makin
dimao,dimau
dijadiin,dijadikan
silahkn,silakan
kasiat,khasiat
"mik""an,mik-mikan,"
suksess,sukses
prodak,produk
trasa,terasa
minpi,mimpi
bner2,benar-benar
mutihin,memutihkan
smster,semester
kmren,kemarin
ucull,lucu
"ngomong"",ngomong-ngomong,"
uh,sudah
syng,sayang
dipermainin,dipermainkan
kocakkk,kocak
dasarrr,dasar
waaaaw,wow
cannnnntikkkkkkk,cantik
mukax,muka
cantikx,cantik
fatanik,fanatik
protestin,protestan
kakau,kalau
marh,marah
darpada,daripada
cooooooocok,cocok
pkk,pakai
sling,saling
agama'ny,agama
bilng,bilang
prcy,percaya
lurusin,meluruskan
biri,biru
luco,lucu
ultha,ulang tahun
batikk,batik
arab2,arab-arab
luchu,lucu
sedihhh,sedih
syang,sayang
ngasi,mengasih
naaaak,anak
astafirullah,astagfirullah
peragain,peragakan
shayyy,sayang
anjaayy,anjing
shay,sayang
ngilerrrr,mengiler
woyyy,woy
shaaaay,sayang
hempaass,hempas
sayyy,sayang
shayy,sayang
syantiek,cantik
njay,anjing
hehh,eh
cantik2,cantik-cantik
kam,kamu
ingeet,ingat
sblh,sebelah

nawarin,menawari
amiiiiin,amin
jauhhh,jauh
waaahhh,
ajakin,mengajak
mntn,mantan
ade,adik
luhhh,lu
yooookkk,mari
jrnk,jarang
"jelas"",jelas-jelas,"
kayax,seperti
dblkng,dibelakang

mirippp,mirip
sangattt,sangat
iyap,iya
mayann,lumayan
auh,tahu 
atutt,takut
ketara,tertara
giniii,begini
looo,lu
mbaaass,mbak
bund,bunda
abangeeettt,banget
almh,almarhumah
temenakuuh,temanaku
suami'y,suami
bngeeeetttt,banget
entr,nanti
kyax,seperti
cuantikkk,cantik
namain,namai
kaaaaaaaaaakkkkkkkkkkk,kak
akucing'y,akucing
nama'in,namai
panggilan'ya,panggilan
panggilan'y,panggilan
z,saja
kalw,kalau
tips2,tips-tips
alu,aku
ngerrrriiii,ngeri
ngriii,mengiri
amatt,amat
smpai,sampai
paksain,memaksakan
kox,kok
th,teh
tmbah,tambah
cntikk,cantik
pkee,pakai
smkin,semakin
amiiiiinnn,amin
bgmna,bagaimana
ssorg,seseorang
hdpn,hadapan
mnambh,menambah
ktaatan,ketaatan
stju,setuju
cantikkkkkk,cantik
dilepas2,dilepas-lepas
tehhh,teh
istiqomahhh,istikamah
tehhhh,teh
imutt,imut
amu,kamu
nahh,nah
mauuuuuuu,mau
jilbb,jilbab
tmn,teman
ndut,gendut
ngecek,mengecek
psti,pasti
penasarn,penasaran
cuyy,cuy
astauviru,astagfirullah
paaak,pak
diajarin,diajari
gawl,gaul
kecr,kece
iih,ih
laaaah,lah
aned,banget
gingsungny,gingsul
blh,boleh
cariin,carikan
kenceng,kencang
cuanti,cantik
lh,boleh
knlan,kenalan
mbaakk,mbak
mrka,mereka
nyusahhin,menyusahkan
byaran,bayaran
wlawpun,walaupun
sedangkn,sedangkan
tnpa,tanpa
bnggain,abangga
omongin,omongkan
nyusahin,menyusahkan
malu2in,malu-malui
diabanggain,diabangga
wlau,walau
"abangga""in,membanggakan"
krya,karya
"bilang"",bilang-bilang,"
tinggall,tinggal
dmna,dimana
dripda,daripada
abangga2in,membanggakan
dibnggain,diabangga
karya2,karya-karya
drimana,darimana
ngepake',memakai
gksalah,tidak salah
nuntut,menuntut
ngebiarin,membiarkan
bhas,bahas
lagu'y,lagu
jadiin,jadikan
diem,diam
mpah,mempah
"mba"",mbak-mbak"
tidak'a,tidak
tappi,tapi
kalli,kali
pacara,pacaran
"ngerebut"",merebut-rebut"
lluu,lu
mbaa,mbak
ngerussak,merusak
"bela""in,membela-bela,"
bellain,membela
kallo,kalau
coment,komentar
dewassa,dewasa
comnet,komentar
"pikir"",pikir-pikir"
kaya'a,kaya
akuyyy,mari
kitaa,kita
sgtu'y,sebegitu
ngebelain,membela
tpii,tapi
"karya"",karya-karya,"
do,di
cali,caci
penghrgaan,penghargaan
ajjh,saja
lbihh,lebih
baikk,baik
drii,dari
"artist"",artis-artis,"
"maki"",maki-maki,"
komentarin,mengomentari
sendirin,sendiri
stidak,setidak
may,mau
trbaikk,terbaik
punn,pun
mengiakutii,mengiakuti
atassan,atasan
klauu,kalau
jngnn,jangan
so,sok
sendirinyya,sendiri
frestasiii,prestasi
mst,mesti
add,ada
see,sih
sibukx,sibuk
in,ini
kataa,kata
lawaaaas,lawas
kocaaaak,kocak
pkoka,pokok
dsana,disana
dua2,dua-dua
sichhhhhhhhhh,sih
nampak,menampak
tetehh,teteh
nambah,menambah
kepoin,kepoi
wooowww,wow
cobain,coba
muga,moga
kenalin,mengenalkan
janka,jangka
wawwwww,wow
waaaww,wow
waaawwww,wow
bagusp,bagus
cobaaa,coba
kageet,kaget
bangettttttt,banget
oplas,operasi plastik
nambahh,bertambah
paripurnahh,paripurna
wanitah,wanita
indonesiaah,indonesia
cumn,cuma
gegra,gegara
brita,berita
fotbar,foto bareng
wajarrr,wajar
sngt,sangat
wk,waktu
bingiittt,banget
nampar,menampar
tukan,tukang
jatoh,ja
"muka"",muka-muka,"
sdgkn,sedangkan
"apa"",apa-apa,"
mancungin,memancungkan
idung,hidung
akusem,akusam
drpada,daripada
kmar,kamar
diemm,diam
tnggu,tunggu
ketawain,mentertawakan

yaelahhh,alah
"sikap"",sikap-sikap,"
bales,balas
ampuun,ampun
ngejain,manjakan
ngelakuin,melakukan
gedeg,geadik
muka2,muka-muka
eey,eh
kslahan,kesalahan
ngata2in,mengatai-ngatai
perhatiam,perhatian
dibiarin,dibiarkan
pny,punya
sbnrny,sebenar
trjd,terjadi
mkir,memikir
hny,hanya
apalai,apalagi
bkal,bakal
saat2,saat-saat
dar,medari
dar,sadar
bka,buka
berani2,berani-berani
lucuuuuu,lucu
pipi'y,pipi
gemmeeezzz,gemas
sukam,suka
menghilangkn,menghilangkan
mnjdkan,menjadikan
mudah2n,mudah-mudahan
stlh,setelah
soalx,soal
keche,kece
badaii,badai

bebrp,beberapa
sblum,sebelum
santab,santap
salehah,salihah
mikirin,memikirkan
subhannallah,subhanallah
konsul,konsultasi
pengalam,pengalaman
trun,turun
akuninggg,akuning
pinkkkk,pink
warnany,warna
seger,segar
senangat,semangat
msk,masak
kerennnn,keren
ciptain,ciptakan
bagussss,bagus
sayangakuh,sayangaku
gans,ganteng
kren,keren
babget,banget
dihh,dih
jadu,jadi
ksyngn,kesayangan
haru,harus
ngingetin,mengingatkan
narik,menarik
"orang"",orang-orang,"
gokilll,gila
astagaaaa,astaga
hancuuuuuy,hancur
mattihhh,mati
beudd,banget
termiribkan,termiripkan

dngerin,mendengarkan
brrti,berarti
wenakk,enak
nganteng,ganteng
aabanggg,aabang
seksii,seksi
g,begitu
jadii,jadi
emeezzz,gemas
amohhh,kamu
maau,mau
eyke,aku
gilakkkkk,gila
awk,awak
duhhhhh,duh
wowww,wow
liaatt,lihat
iniiiii,ini
a,allah
ngettt,banget
maso,masa
brubah,berubah
pelastik,plastik
keak,seperti
dengerin,dengarkan
beud,banget
pahamin,pahami
takuuuuut,takut
ahahahrr,
jogetin,berjoget
shaay,say
boker,berak
pacara,pacar
siapaa,siapa
matii,mati
ketawaa,ketawa
wanjiir,astaga
bw,bawa
minta,meminta
bnran,benaran
sgla,segala
uit,duit
beliiin,belikan
yaaah,ya
sekaeang,sekarang
tgk,tengok
bkn,bikin
tain,takan

bakin,baki
tipu2,tipu-tipu
doaang,doang
gituan,begituan
kaj,kak
iiiiiiiii,ih
kaliiiiiii,kali
melebihin,melebihi
gakpapa,tidak apa-apa
kalaugak,kalau tidak
sm2,sama-sama
nduakung,menduakung
kaaaaa,kak
aamiinnn,amin
skluarga,sekeluarga
suaminga,suami
berhijap,berhijab
smgaa,semoga
istiqamah,istikamah
cuaaantikk,cantik
muraaaaah,murah
baraang,barang
aamiiin,amin
bets,banget
alhamdulillaaaaah,alhamdulillah
sembuhin,menyembuhkan
pengrusak,perusak
ngoceh,mengoceh
aduhhh,aduh
hpus,hapus
pjang,pajang
bdampingan,berdampingan
kaga,kagak
uih,uh
"serem"",seram-seram,"
"happi"",hepi-hepi,"
bgtuu,begitu
mff,maaf
ktwa,ketawa
trlalu,terlalu
jjur,jujur
ngmg,membicarakan
semogaa,semoga
kepelesett,terpeleset
geeelaakk,gila
bolang,bocah petualang
pkek,pakai
lah,lagi
hedeuuhh,aduh
stress,stres
saltummmm,salah kostum
mboizzz,bois
kayaq,seperti
ema,emak
dirumahny,dirumah
yuh,
rmbt,rambut
apus,hapus
siapayahh,siapa ya
kostom,kostum
loo,lu
gnii,begini
atuu,satu
pipiaa,pipi
bungakuuuuuuuuusss,bungakus
iiiihhhhhj,ih
emeessss,gemas
pipine,pipi
glembeeeer,gelambir
lucunaaa,lucu
cubanget,lucu banget
pengenn,mau
unyuuk,unyu
deadik,adik
lucuh,lucu
mantaaap,bagus
keduaa,kedua
trsrh,terserah
ksih,kasih
seterong,setrong
teyuss,terus
dimasukin,dimasuki
jelekin,menjelekkan
jahatin,menjahati
masukin,memasuki
tai,tahi
gtw,tidak tau
qo,kok
nulis,menulis
nyebutin,menyebutkan
ngertiin,mengerti
rasaiin,rasai
gakusah,tidak usah
disni,disini
sabarrr,sabar
semangaatttt,semangat
lahin,melahkan
krus,akurus
elaaaahhhh,alah
cogan,cowok ganteng
tap8,tapi
pandangi,memandangi
kenaliiin,kenalkan
bak2,bak-bak
yo,iya
suko,suka
niih,nih
sihhhh,sih
"sebaik"",sebaik-baik,"
segtu,sebegitu
ngebenci,membenci
bakar2in,bakar-bakari
padhe,pakde
yya,iya
atw,atau
dosa2mu,dosa-dosamu
maafin,memaafi
gile,gila
ujung2,ujung-ujung
dalem2,dalam-dalam
kgak,kagak
bahas2,bahas-bahas
ud,sudah
woles,selow
hianatin,khianati
halangin,halangi
iyuh,ih
iyuuuhhhh,ih
gaje,tidak jelas
gabakal,tidak bakal
adapin,menghadapi
ngehakimi,menghakimi
ngejuangin,memperjuangkan
dipojokin,dipojokkan
bacotin,bacoti
berati,berarti
kebangetak,kebangetan
tangkep,tangkap
bt,buat
sadis2,sadis-sadis
maksir,menaksir
hebatt,hebat
pndang,pandang
pmbelajaran,pembelajaran
ngejelek,menjelekkan
maslah,masalah
mmperbaiki,memperbaiki
nahan,menahan
kafeh,kafe
remang2,remang-remang
mlh,malah
tinggl,tinggal
dirmh,dirumah
iyuuhhh,ih
ktika,ketika
dipuja2,dipuja-puja
ngrasain,merasakan
ityl,itil
hbs,habis
marah2,marah-marah
wenak,enak
ngarang,mengarang
kelas'a,kelas
hadeeehhh,aduh
"kecil"",kecil-kecil,"
"gtu""an,begitu-gituan,"
gmanapun,bagaimanapun
kr,kira
nenek2,nenek-nenek
taux,tahu
urat2,urat-urat
ketarik,tertarik
ngorbanin,mengorbankan
eksprsi,ekspresi
gitulah,begitulah
"foto"",foto-foto,"
mamas,mas
bandingin,bandingkan
tua2,tua-tua
terus2an,terus-terusan
waduhh,waduh
"bawa"",bawa-bawa,"
badingkan,membandingkan
ngurus,mengurus
lanjutin,lanjutkan
ributin,meributkan
brantem,berantem
belain,membela
lipetan,lipatan
"nenek"",nenek-nenek,"
bneraan,benaran
kageeet,kaget
sangaaattt,sangat
rmbuut,rambut
nt,nanti
walik,balik
oma2,oma-oma
kellen,kalian
nyerocos,mencerocos
ibuk2,ibu-ibu
ngomenin,mengomentari
iseng2,iseng-iseng
niyyyyhhhh,nih
sexi2,seksi-seksi
blik,balik
kenape,kenapa
ladenin,meladeni
skit,sakit
hat,hati
jilbabnye,jilbab
ledkin,meleadik
digabtikan,digantikan
jng,jangan
ngumung,membicarakan
ilang-in,hilangkan
prinadi,pribadi
luh,lu
yep,iya
helooooo,halo
loe,lu
palingann,palingan
berjinah,berzina
munaafikk,munafik
urusn,urusan
saudra,saudara
trganggu,terganggu
bhijab,berhijab
lepasin,melepas
smnantia,sementara
dengerin,mendengarkan
waduhhh,waduh
ursan,urusan
sudab,sudah
dwsa,dewasa
rpt2,repot-repot
ngaji,mengaji
nmr,nomor
romantiz,romantis
murmer,murah meriah
pensaran,penasaran
baru2,baru-baru
yuukk,mari
kitaaa,kita
laina,lain
perbulannn,perbulan
penyebab2,penyebab-penyebab
nyupir,menyopir
steess,stres
kwatir,kawatir
tengah2,tengah-tengah
duetin,duet
mudaa,muda
sebener,sebenar
silsturahmi,silaturahmi
dijkt,dijakarta
cums,cuma
undangan2,undangan-undangan
past,pasti
amarik,mari
ngucapin,mengucapkan
filmny,film
ntn,menonton
nobar,menonton bareng
kemariin,kemarin
knpp,kenapa
lggi,lagi
gaprgi,tidak pergi
aaahh,ah
pa2,apa-apa
dtunggu,ditunggu
masa2,masa-masa
kepikir,terpikir
seruuu,seru
emeshh,gemas
kaya,seperti
astagaaaaaa,astaga
pacarn,pacaran
ktg,kita
mbaak,mbak
ngalah,mengalah
de,adik
pacarane,pacaran
rusakkk,rusak
yaaampunnn,ya ampun
tuwek,tua
mukae,muka
ulang tahune,ulang tahun
kliata,kelihatan
pcara,pacaran
bermaksut,bermaksud
tampialan,tampilan
nikaah,nikah
"anak"",anak-anak,"
pankapan,kapan-kapan
ngumbar,mengumbar
dhpusin,dihapuskan
istiqomah,istikamah
mnutup,menutup
bngatt,banget
dii,di
ooh,oh
hapusin,hapuskan
ngeuh,engah
sneng,senang
mutusin,memutuskan
ngapus,menghapus
awl,awal
hrus,harus
bngkit,abangkit
mncoba,mencoba
mutuain,memutuskan
smw,semua
geuliiiiiiis,geulis
euyyyyy,euy
widihh,idih
uuh,uh
ngirim,mengirim
ngidam,mengidam
waah,
sampis,sampah habis
maapin,maaf
ngebala,bala
mampuussss,mampus
diihhhh,dih
sabal,sabar
udahlah,sudahlah
kauuuu,kau
sabaro,sabar
eehhh,eh
dar,medar
iiii,ih
kreative,kreatif
abangrt,banget
azekkkk,asik
akuaaatt,akuat
bhet,banget
inggrisny,inggris
dsna,disana
iyaap,iya
mksih,terima kasih
nga,tidak
canyk,cantik
prodac,produk
nyesell,menyesal
ciyusss,serius
de,
cyin,cinta
bangetttttttt,banget
sexi,seksi
bundaaaa,bunda
abangget,banget
bettt,banget
cantiiillx,cantik
brapa,berapa
alaami,alami
sabaarrr,sabar
cantiiiikk,cantik
abangeeeeetttt,banget
ciee,cie
cannntikk,cantik
abanggett,banget
thnan,tahunan
cuantik,cantik
segerr,segar
wouww,wow
cantiiikkk,cantik
pen,mau
catokin,catok
iakut2an,iakut-iakutan
comment2,komentar-komentar
teman2,teman-teman
besar2an,besar-besaran
knsul,konsultasi
brhasil,berhasil
hilangin,menghilangkan
kontak2,kontak-kontak
applikasi,aplikasi
kereeeeen,keren
bngeet,banget
gemesinnnnn,menggemaskan
ongkiir,ongkir
ajaibbbbb,ajaib
saayyyyy,say
ganteung,ganteng
bhgia,bahagia
iiiiiiiiii,ih
lucuukk,lucu
keciil,kecil
yakinn,yakin
pentass,pentas
ngarep,mengharap
kepoin,kepo
lucu2,lucu-lucu
yoo,iya
testi,testimoni
mengirusi,mengurusi
khdpn,kehidupan
ngelawan,melawan
betuuuuulllllllllllllllll,betul
bisax,bisa
klmbutan,kelembutan
seburuk2,seburuk-buruk
diingetin,diingatkan
ngeriiiiii,ngeri
nich,nih
akhlah,akhlak
elo2,lu-lu
mandiin,memandikan
nguburin,menguburkan
ngebedain,membedakan
urusanny,urusan

brtngkar,bertengkar
pndapat,pendapat
nmbah,menambah
looh,
sharus,seharus
mngkan,mangka
nyia2in,menyia-nyiakan
brarti,berarti
mndpat,mendapat
kpuasan,kepuasan
smudah,semudah
mlepaskan,melepaskan
trll,terlalu
sndr,sendiri
sellow,selow
sbbr,sebenar
kasar2,kasar-kasar
semangattt,semangat
baak,bak
bujukk,bujuk
d.apa,diapa
apain,apai
dsar,dasar
y,iya
benetaran,benaran
bneran,benaran
si,sih
kraya,karya
brg,bareng
ngebantu,membantu
kenalin,kenalkan
janjutin,lanjutkan
kepppoin,kepoi
recommendasi,rekomentardasi
btulan,betulan
kha,kah
s,si
s,sih
tutupin,menutupi
wik,wig
ithu,itu
botakin,botaki
botakkkk,botak
bnrn,benaran
week,wig
gawul,gaul
modes,modis
brayyy,bray
kmencantikkan,kemencantikkan
bronis,brondong manis
gapu,tidak pu
bkln,bakalan
kemencantikkanga,kemencantikkan
loooh,
hiii,hai
piiiilih,pilih
deeh,
zama,zaman
gnti,ganti
nm,nama
tapo,tapi
gkk,tidak
petinggi2,petinggi-petinggi
wota2,wota-wota
indefendet,independen
tempat2,tempat-tempat
taik,tahi
yuuuukkk,mari
dituutup,ditutup
ngayal,mengkhayal
smvk,sempak
ktaan,ketaan
njrittt,
selmt,selamat
taz,atas
klhran,kelahiran
pertma,pertama
kelahuran,kelahiran
pertamany,pertama
mamax,mama
ankx,anak
cantip,cantik
klahiran,kelahiran
slmat,selamat
mmabangga,memabangga
ortuny,orang tua
selmat,selamat
bnda,bunda
prtamax,pertama
moqa,moga
yq,iya
brbakti,berbakti
gewlaaaaa,gila
basodaraa,bersaudara
hargs,harga
perhatiin,perhatikan
abal2,abal-abal
bantuim,bantu
adl,adalah
pelwak,pelawak
suces,sukses
sucses,sukses
garemin,garami
gapake,tidak pakai
ngiringan,mengiringi
karir.a,karir
aamin,amin
teruz,terus
kemarn,kemarin
cobain,mencoba
recomendasi,rekomentardasi
promoo,promo
ongkirr,ongkir
mskasih,terima kasih
wowwwww,wow
seeeemua,semua
rekomentardasiin,rekomentardasikan
ranin,merani
batesin,batasi
bijin,bikin
pd,percaya diri
ngeidealin,mengidealkan
bhn,bahan
gasalah,tidak salah
brsma,bersama
le,boleh
ugha,juga
semuaaa,semua
heeee,hai
rame2,rame-rame
yam,iya
kartunin,kartun
kta,kita
abez,habis
baaaaaang,abang
ganteeeeng,ganteng
entahhh,entah
gimanaaaa,bagaimana
duuhh,duh
gantengaaa,ganteng
kpn2,kapan-kapan
pans,fan
akuliyh,akuliah
gantengakuuuuuu,gantengaku
atassss,atas
orgny,orang
owalaah,walah
aslinyo,asli
alissa,alis
masaaaa,masa
komuk,muka
kalahnye,kalah
maapin,maafi
iyaaaa,iya
fakultass,fakultas
smrg,semarang
unyu2,unyu-unyu
koq,kok
yyaaa,iya
insonniaaa,insomnia
adikx,adik
azaab,azab
gksi,tidak sih
greged,greget
alamiii,alami
ktemu,ketemu
ditayangin,ditayangkan
"ms"",masa-masa"
meranin,memenyarankan
nontonny,menonton
rekomentardasiiin,rekomendasi
sista2,sista-sista
agan2,agan-agan
ngg,tidak
nanget,banget
ngedit,mengedit
himana,bagaimana
kekgini,seperti begini
subhanaallahh,subhanallah
sangat2,sangat-sangat
terharuuuu,terharu
"kata"",kata-kata,"
subhanallahhh,subhanallah
tlsn,tulisan
nagiss,menangis
aneut,banget
trrharu,terharu
subhnallah,subhanallah
allahh,allah
suamiii,suami
dcintai,dicintai
klrga,keluarga
liat'y,lihat
lggeng,langgeng
romantisny,romatis
duhhh,duh
pcar,pacar
kakanga,kakak
slw,selow
cpa,siapa
akuu,aku
aelah,alah
orabg,orang
mukaa,muka
kakakny,kakak
woooyy,woy
ngelucu,melucu
bukak,buka
mato,mata
kareno,karena
cino,cina
munafikk,munafik
meker,mikir
indoneaia,indonesia
benarin,membenarkan
jaadii,jadi
apo,apa
nyo,
miara,memiara
jalanani,menjalani
dalil2,dalil-dalil
sunah2,sunah-sunah
sdah,sudah
benda2,benda-benda
bilang2,bilang-bilang
rumpiin,rumpi
hotak,botak
iakut2,iakut-iakut
ciptain,menciptakan
jawabanny,jawaban
urusin,urus
ajj,saja
mikir2,memikir-mikir
melihara,memelihara
oooh,oh
hidupx,hidup
ngefans,fan
lsg,langsung
uztad,ustad
anjinga,anjing
pegang2,pegang-pegang
ilmh,ilmu
menasehati,menasihati
suka2,suka-suka
kelus,kali
hubngan,hubungan
koclak,kocak
bju,baju
cinggiraaa,cinggir
yahhhh,ya
miripppp,mirip
sedikitlaahh,sedikitlah
miriplahhhhhh,miriplah
syediih,sedih
mirp,mirip
baju.a,baju
wiiiihhhhhhhhh,
gantheng,ganteng
synk,sayang
ngfans,fan
miriiippp,mirip
wooow,wow
panglingg,pangling
artisa,artis
dtggu,ditunggu
trta,terta
bgtttttttt,banget
rapih,rapi
buuun,bun
iyaappps,iya
sukse,sukses
nih2,nih-nih
baruu,baru
kecptan,kecepatan
giti,begitu
penganten,pengantin
wrn,warna
ne,ini
cantikkkkk,cantik
fans,fan
loksyut,lokasi syuting
amfun,ampun
k',kak
asuuu,asu
dsini,disini
dibls,dibalas
ceklist,ceklis
terusss,terus
tlvn,telepon
trkrim,terkirim
kelaluan,kelakuan
guanteng,ganteng
cucok,cocok
c,sih
sayaee,saya
semangatt,semangat
haduh,aduh
mlz,malas
emak2,emak-emak
tante2,tante-tante
kepoh,kepo
jalanin,menjalani
repong,repot
thu,itu
ngrusin,mengurusi
iy,iya
dnk,dong
senyumna,senyum
ngejelek2in,menjelek-jelekkan
hotx,hot
mbaaahhh,mbah
pasangn,pasangan
sttus,status
aama,sama
hadeuuhhhh,aduh
lebar2,lebar-lebar
sstu,sesuatu
serasiii,serasi
cocokx,cocok
emakx,emak
iniiiiiiiiiiiiiii,ini
cocookk,cocok
kll,kalau
arghhh,ah
ungkapin,ungkapkan
merrid,merit
neh,nih
cocokkkkk,cocok
yaoh,ya allah
aee,saja
naggung,menanggung
battt,banget
am,sama
tah,teh
luthuna,lucu
astagaaa,astaga
suaraya,suara
duaa,dua
anjingyyy,anjing
coeggg,coeg
ancur,hancur
koplak,kocak
uaaasssiiiik,asik
boss,bos
nyubit,mencubit
dede,adik
gemez,gemas
tium,cium
gemeeezzzz,gemas
ppa,papa
papahhh,papah
duuuhh,duh
ginting,ganteng
bingiiittzz,banget
iiihh,ih
hadeeuh,aduh
geneeee,begini
yooow,iya
gemezz,gemas
gayax,gaya
infpyunnnn,ampun
paraaah,parah
papiii,papi
kamua,kamu
ngambek,mengambek
haduuuh,aduh
kapaan,kapan
nginjek,menginjak
putiha,putih
rasain,merasakan
ituuuu,itu
omaaaaaaakk,oma
loncattt,loncat
didatengin,didatangi
abg,abang
kmariiin,kemarin
ayoklaa,ayolah
jelasssss,jelas
kaliiin,kalian
ujunggg,ujung
kaakaaaa,kakak
srruu,seru
kannn,kan
jmpaaaa,jumpa
marikk,mari
haii,hai
smariaaakkk,suka
dengeeriin,dengarkan
yakaliiiii,yakali

ngertii,mengerti
nyiin,nyikan
nyiin,menyi
apalgi,apalagi
akuh,aku
mesrany,mesra
jendes,janda
ngggk,tidak
coccokk,cocok
msa,masa
jendesss,janda
klepek2,klepek-klepek
bngtttt,banget
ponakn,ponakan
tantee,tante
gadiss,gadis
tpy,tapi
jnda,janda
bngy,banget
bujngn,bujangan
ngp,mengapa
padetan,padatan
bawa2,bawa-bawa
dapetin,mendapatkan
nyobain,mencoba
pcaran,pacaran
or,orang
tdak,tidak
prcuma,percuma
coment,komentar
langgengggg,langgeng
sekaliiiii,sekali
anehhh,aneh
hayal,khayal
bedua,berdua
bapeerr,bawa perasaan
keinget,teringat
merekak,mereka
kreeenn,keren
abisss,habis
kocaaaakkk,kocak
abiiiss,habis
pass,pas
personill,personil
lengkapp,lengkap
ampuuun,ampun

flim.a,film
trusan.a,terusan
tdung,tudung
gangguin,mengganggu
lgkah2,langkah-langkah
taw,tahu
cntiiikkk,cantik
tegaar,tegar
sktlrang,sekarang
kangeeeennnnn,kangen
sjk,sejak
tambh,tambah
nangiis,menangis
aaaaaaaa,
bundaa,bunda
duuhhhhh,duh
gaada,tidak ada
malsud,maksud
lluuccuu,lucu
siappa,siapa
martabakk,martabak
skali2,sekali-kali
akueren2,keren-keren
warkop,warung kopi
hayuu,hayo
kenapaa,kenapa
ilang2an,hilang-hilangan
ayooook,ayo
astagaaaaaaaa,astaga
inihhh,ini
oom,om
mansetan,bermanset
cadasss,cadas
kereeeeennn,keren
"temen"",teman-teman,"
telefisi,televisi
nikmatin,menikmati
baguspp,bagus
mbahh,mbah
giitu,begitu
mta,mata
cpit,sipit
dee,adik
sumvahh,sumpah
tamvann,tampan
yap,iya
guaaaaaaa,gua
capa,sapa
ngakakkk,mengakak
liaat,lihat
gantweng,ganteng
anjjjjjjjj,anjing
gakwad,tidak akuat
seru2,seru-seru
iniii,ini
favoriteeee,favorit
adaa,ada
dinyiin,dinyikan
seruu,seru
nyengir,menyengir
klk,kelak
brjdh,berjodoh
akhrt,akhirat
kangennnnn,kangen
kanggen,kangen
kangennnnnnn,kangen
ysh,iya
sypa,siapa
nangisss,menangis
brjodoh,berjodoh
kaliann,kalian
barengg,bareng
kpnpun,kapanpun
mendj,menjadi
allahhhh,allah
merindinggg,merinding

lhir,lahir
u,sudah
menjdi,menjadi
debay,adik bayi
abangeer,banget
lafazd,lafaz
pmbyran,pembayaran
plsa,pulsa
"dimana"",dimana-mana,"
sokk,sok
ngambekan,ambekan
hub,hubungan
sma2,sama-sama
ngom,membicarakan
toloollll,tolol
bodhooo,bodoh
peliharaaaa,pelihara
makaa,maka
"ati"",hati-hati,"
kemakan,termakan
bodhoo,bodoh
siihhh,sih
andaaa,anda
buktiaa,bukti
smuaaa,semua
kebongkar,terbongkar
tapii,tapi
kasiian,kasihan
diladenin,diladeni
comen,komentar
ngtif,negatif
comntr,komentar
kaliannn,kalian
brdiri,berdiri
mulutny,mulut
msalah,masalah
trserh,terserah
waduuuuh,waduh
ngeduakung,menduakung
dihpus,dihapus
mrekaa,mereka
cakeeeeppp,cakep
benerr,benar
"brg"",bareng-bareng,"
baanget,banget
anjaaaayyyyyy,anjing
ngetsz,banget
utkmu,untukmu
anj,anjing
merekaa,mereka
kann,kan
dieee,dia
yaahh,ya
hijap,hijab
ternodain,ternodai
ngeri2,ngeri-ngeri
mn,mana
kt2,kata-kata
agk,agak
slhkan,salahkan
jilbabny,jilbab
perilakuny,perilaku
ketaatanny,ketaatan
kepda,kepada
sblmny,sebelum
bljr,belajar
pedulilaaaah,pedulilah
ingetin,mengingatkan
terjrumus,terjerumus
stuju,setuju
sbb,sebab
igtlah,ingatlah
dtgkan,datangkan
benahin,membenahi
ohhhh,oh
yapp,iya
jauhh,jauh
bingitt,banget
buka2an,buka-bukaan
ngembali,kembali
sp,sapa
semngat,semangat
lekong,laki
kacauuuu,kacau
ngimpi,mimpi
owh,oh
ngerampas,merampas
ngehancurin,menghancurkan
ngungkit2,mengungkit-ungkit
kaleee,kali
caranga,cara
usa,usah
dipikirin,dipikirkan
nunduk,menunduk
tembemmm,tembem
lucuuuuuuuuuu,lucu
bundaaa,bunda
nyubitt,mencubit
jls2,jelas-jelas
supeer,super
inni,ini
appa,apa
hayooo,hayo
adyem,adem
mitnah,memfitnah
cantikaaaa,cantik
nie,nih
tmbm,tembam
cantix,cantik
kriput,keriput
jelex,jelek
drmn,darimana
"laku"",laku-laku,"
kacian,kasihan
cape,capek
mancing2,memancing-mancing
eeeeh,eh
kpancing,terpancing
lakuin,melakukan
cri,cari
sbener,sebenar
mikirinnn,memikirkan
"diam"",diam-diam"
mengalahkn,mengalahkan
nyindirin,menyindir
nee,ini
mksdx,maksud
shabat,sahabat
jk,jika
brbuat,berbuat
mmberi,memberi
sbhabat,sahabat
pnjerumus,penjerumus
tman,teman
shbat,sahabat
melakukn,melakukan
seorg,seorang
berkluarga,berkeluarga
siapa2,siapa-siapa
ketipu,tertipu
"laki"",laki-laki"
mengait2kan,mengait-ngaitkan
nyir2,nyinyir
gosipin,menggosipkan
sendri,sendiri
bntar,bnanti
duuuhhh,duh
nmbk,menembak
gakkk,tidak
abiiiiisssss,habis

cwok,cowok
abangedd,banget
wuastagah,astaga
jaoooh,jauh
mateeeeeeeeeeee,mati
parsis,persis
sumpeh,sumpah
iyh,iya
kmana,kemana
cantiqs,cantik
kecik,kecil
brasa,berasa
trlihat,terlihat
mmberikan,memberikan
khidupan,kehidupan
srpti,seperti
dinamakn,dinamakan
mlu,melulu
sgtu,sebegitu
paati,pasti
th,tahu
akutuu,akutu
setelur2,setelur-telur
kel,keluarga
srta,serta
kcil,kecil
kberkahn,keberkahan
kbahagiaan,kebahagiaan
tntram,tentram
brsama,bersama
hngga,hingga
brpndapat,berpendapat
trutama,terutama
hiraukn,hiraukan
diamkn,diamkan
hrsny,harusny
brsmariur,bersmariur
mmberikn,memberikan
rasakn,rasakan
cari2,cari-cari
kesalahanny,kesalahan
keakuranganny,keakurangan
seandainy,seandai
perasaanny,perasaan
diindonesis,diindonesia
kayahhh,kaya
ala2,ala-ala
yook,mari
yoookkkk,mari
siihh,sih
elus2,elus-elus
asliiiii,asli
aduuhhhh,aduh
belom,belum
padahl,padahal
btul,betul
da,dah
kejahatn,kejahatan
slam,salam
ngelewati,melewati
kalu,kalau
ngerendahin,merendahkan
apaalahh,apalah
tnp,tanpa
menyebut2,menyebut-nyebut
mnt,minta
kiya,kita
miriiiiip,mirip
dirimuuu,dirimu

semuaaaa,semua
suka.a,suka
jdii,jadi
blnja,belanja
brang,barang
lw,kalau
ada2,ada-ada
nimpuk,menimpuk
abiss,habis
prlu,perlu
coyyy,coy
suaraa,suara
jnagn,jangan
kcwa,kecewa
sok2an,belaguan
dket2in,mendekati
cobak,coba
tau2,tahu-tau
mahh,mah
jamam,jaman
paraa,para
seharusny,seharusnya
dasaar,dasar
bergunaa,berguna
mulutaa,mulut
blkng,belakang
kcewa,kecewa
mnusuk,menusuk
blkang,belakang
nembak,menembak
trmanis,termanis
krng,kurang
kaciiaann,kasihan
nyela,mencela
ngejilat,menjilat
hallooo,halo

tayik,tahi
halooo,halo
ustzah,ustazah
halow,halo
poooolllll,pol
tahannn,tahan
aduuh,aduh
nyimpen,menyimpan
ngarsipin,mengarsipkan
cman,cuma
gituuuuu,begitu
kyy,kaya
kngn,kangen
kq,kok
nyesek,menyesak
rinduuuuuuu,rindu
b2,berdua
kangeeeennn,kangen
mg,moga
aamiiiiinnn,amin
gemezzzz,gemas
kangennnnnn,kangen
prh,parah
bakattt,bakat
napsuu,nafsu
gmau,tidak mau
luccu,lucu
prasaan,perasaan
lahirr,lahir
setujuuuu,setuju
sering2,sering-sering
ceemen,cemen
"sembunyi"""",sembunyi-sembunyi"
skrnh,sekarang
cerdiik,cerdik
jeniuss,jenius

kreen,keren
s'lalu,selalu
mauuuuuu,mau
mintk,minta
nyolong,mencolong
pnjng,panjang
slaluuuuu,selalu
kanggggg,kang
rezeqi,rezeki
pintr,pintar
adikk,adik
maw,mau
akura2,akura-akura
edaaann,edan
nempel,menempel
hatiiii,hati
sukkaa,suka
luuuucuuu,lucu
caantiiik,cantik
luucuuu,lucu
putihh,putih
"terus""an,terus-terusan,"
siiih,sih
tertaa,terta

sekaliiii,sekali
peduliin,mempedulikan
komntr,komentar
smngat,semangat
dosax,dosa
pahalax,pahala
akhirt,akhirat
tinggalkn,tinggalkan
rumh,rumah
trhtung,terhitung

ademmm,adem
cerdass,cerdas
tambahh,tambah

didengerin,didengarkan
bagusppppp,bagus
ngerespon,membalas
dulurrr,dulu
brusaha,berusaha
pahamin,memahami
lebh,lebih
amin2,amin-amin
positippp,positif
jauuhhh,jauh
brhjb,berhijab
mdh2n,mudah-mudahan
jlbb,jilbab
dempga,semoga
selm,selama
tth,teteh
otot2,otot-otot
lengkeeett,lengket
caaannnttiikkk,cantik
trusss,terus
ademm,adem
apalagiii,apalagi
passs,pas
beginii,begini
satuu,satu
cuantek,cantik
akuuuur,akur
iniehh,ini
sayangx,sayang
jodohx,jodoh
kaliaan,kalian
hasl,hasil
kencng,kencang
pmbantu,pembantu
kmbl,kembali
cuchook,cocok

sempurnaa,sempurna
klihatan,kelihatan
cintax,cinta
pnuh,penuh
ngrti,mengerti
"mudah""an,mudah-mudahan"
"segala""ny,segala-gala"
mantanny,mantan
jodohny,jodoh
cantk,cantik
ituuu,itu
kaasian,kasihan
padhl,padahal
"ank"",anak-anak"
pkrin,pikirkan
anakx,anak
sia2kan,sia-siakan
naaahhh,nah
beluumm,belum
sayangggq,sayangaku
kreean,keren
ciiieee,cie
cieee,cie
cieeee,cie
berenanh,berenang
pacarr,pacar
bingitss,banget
besokkk,besok
annnnjjjjjjrrrr,astaga
ngeliatin,melihati
ngumbar2,mengumbar-umbar
romantiss,romantis
cocook,cocok
lucuuuuuuuu,lucu
kaaaaaann,kan
aaaaaa,
lgs,langsung
yaang,yang
abangedt,banget
gde,gede
lutunaaa,lucu
bikinnn,bikin
keee,ke
bungakuuussss,bungakus
lucux,lucu
bntr,bnanti
buaaak,bak
aaamiiinnn,amin
aaamiiin,amin
ntap,bagus
abgah,aabang
mungkiin,mungkin
akuhh,aku
manteb,bagus
hiduupppp,hidup
tebel,tebal
nganggepin,menanggapi
"mentang"",mentang-mentang,"
najiss,najis
perjabatt,pejabat
makany,maka
benneeeeeerr,benar
krjaan,pekerjaan
kdng,kadang
kdang,kadang
knan,kanan
anak'y,anak
trknal,terkenal
"gtu"",begitu-gitu,"
klok,kalau
aamiiiinnnnn,amin
pengennnn,mau
guw,saya
siiiiiiippppppppp,sip
selaloe,selalu
donggg,dong
beruntungaaa,beruntung
soal'y,soal
prhatian,perhatian
hebaat,hebat
ampunn,ampun
sayaeeee,saya
liatt,lihat
gehh,
ankkaa,anak
centilaaaaa,centil
gemesshzzzzhzzhzhzhsjssjs,gemas
ngacaaa,mengaca
diaaa,dia
jirr,astaga
kayaa,kaya
cempreeng,cempreng
centillll,centil
pcran,pacaran
anedh,banget
ampyunnnn,ampun
boro2,boro-boro
nyta,nyata
kampungn,kampungan
j,saja
mnghina,menghina
ngolokin,mengolok
ngurusin,mengurus
blum,belum
"syirik"",syirik-syirik,"
than,tahan
dsr,dasar
siriik,sirik
mampuuu,mampu
khan,kan
aduuhh,aduh
cemburuu,cemburu
bingitzzzz,banget
tlog,tolong
apasihhh,apasih
sirikk,sirik
dbnding,dibanding
nrka,neraka
s3ndiri,sendiri
bhgiain,membahagiakan
kdua,kedua
prcya,percaya
bhagaia,bahagia
cuco,cocok
genittt,genit
kx,kak
mlikk,milik
"mentah"",mentah-mentah,"
canci,cantik
aneed,banget
gimanaa,bagaimana
lainnn,lain
pentingg,penting
kenalin,memperkenalkan
bagaimanaaa,bagaimana
krudung,kerudung
enakkkkk,enak
poool,pol
jirrrr,astaga
oprasiya,operasi
uwee,saya
pilihannny,pilihan
itumahh,itumah
muuuu,mu
uuhhh,uh
berbakiti,berbakti
alhamd,alhamdulillah
slmttt,selamat
ucapin,mengucapkan
tetp,tetap
ditengah2,ditengah-tengah
semuaa,semua
semuanaa,semua
aminn2,amin-amin
abs,habis
kebk'an,kebakan
melahirin,melahirkan
aduuuh,aduh
cakeep,cakep
lhooo,
kamuuuu,kamu
bagi2,bagi-bagi
gimn,bagaimana
smogaaa,semoga
biza,bisa
lngsing,langsing
wowoooww,wow
smulla,semula
pdhall,padahal
blln,bulan
senang2,senang-senang
jh,saja
kereeennnn,keren
gilakkk,gila
gtu2,begitu-gitu
cpet,cepat
gtau,tidak tau
fans2,fan-fan
gaharus,tidak harus
baguss, baik
utk, untuk
skalian, sekalian
proxessor, processor
kalo, kalau
